drug_id,atc_code
DDInter1,J05AR13
DDInter1,J05AR02
DDInter1,J05AR04
DDInter1,J05AF06
DDInter10,N07BB03
DDInter1000,L01XX62
DDInter1001,L01DC04
DDInter1002,L01XG03
DDInter1003,L04AC13
DDInter1004,S01AA24
DDInter1004,J01GB04
DDInter1004,A07AA08
DDInter1005,A07BC02
DDInter1007,N01AX03
DDInter1008,G01AF11
DDInter1008,G01AF20
DDInter1008,J02AB02
DDInter1008,H02CA03
DDInter1008,D01AC08
DDInter1009,M01AE03
DDInter1009,M02AA10
DDInter1009,M01AE53
DDInter101,B02BD03
DDInter1010,M01AB15
DDInter1010,S01FB51
DDInter1010,S01BC05
DDInter1011,M01AB15
DDInter1011,S01FB51
DDInter1011,S01BC05
DDInter1012,S01GX08
DDInter1012,R06AX17
DDInter1013,C07BG01
DDInter1013,C07CG01
DDInter1013,C07AG01
DDInter1014,N03AX18
DDInter1015,G01AD01
DDInter1016,A06AD12
DDInter1018,A06AD61
DDInter1018,A06AD11
DDInter1019,J05AR27
DDInter1019,J05AR02
DDInter1019,J05AR25
DDInter1019,J05AR11
DDInter1019,J05AR07
DDInter1019,J05AR01
DDInter1019,J05AR13
DDInter1019,J05AR12
DDInter1019,J05AR24
DDInter1019,J05AR04
DDInter1019,J05AR16
DDInter1019,J05AR05
DDInter1019,J05AF05
DDInter102,B02BD02
DDInter1020,N03AX09
DDInter1021,H01CB03
DDInter1022,A02BC03
DDInter1022,A02BD02
DDInter1022,A02BD07
DDInter1022,A02BD09
DDInter1022,A02BD10
DDInter1022,A02BD03
DDInter1022,A02BC53
DDInter1023,V03AE03
DDInter1024,L01EH01
DDInter1025,A16AB05
DDInter1026,L01EX12
DDInter1027,N02CC08
DDInter1028,S01EE01
DDInter1028,S01EE51
DDInter103,L04AA03
DDInter1031,J05AP51
DDInter1032,J01XX12
DDInter1033,L04AA13
DDInter1034,N05CM21
DDInter1035,L04AX04
DDInter1036,L01EX08
DDInter1037,B01AE02
DDInter1038,M04AB05
DDInter1039,J05AX18
DDInter1040,L02BG04
DDInter1041,V03AF06
DDInter1041,V03AF03
DDInter1042,L02AE51
DDInter1042,L02AE02
DDInter1043,N07BC03
DDInter1044,P02CE01
DDInter1045,C08CA17
DDInter1046,N03AX14
DDInter1049,S01ED03
DDInter105,B01AB02
DDInter1050,S01ED03
DDInter1051,N01BB10
DDInter1052,A16AA01
DDInter1053,R06AE09
DDInter1054,N04BA03
DDInter1054,N04BA01
DDInter1054,N04BA02
DDInter1055,J01MA12
DDInter1055,A02BD10
DDInter1055,J01RA05
DDInter1055,S01AE05
DDInter1056,V03AF10
DDInter1056,V03AF04
DDInter1059,N06AX28
DDInter106,L04AA04
DDInter1061,G03AB03
DDInter1061,G03AD01
DDInter1061,G03AC03
DDInter1061,G03FB09
DDInter1061,G03AA07
DDInter1061,G03FA11
DDInter1064,H03AA01
DDInter1066,S01HA07
DDInter1066,D04AB01
DDInter1066,R02AD02
DDInter1066,C01BB01
DDInter1066,S02DA01
DDInter1066,N01BB52
DDInter1066,C05AD01
DDInter1066,N01BB02
DDInter1067,S01HA07
DDInter1067,D04AB01
DDInter1067,R02AD02
DDInter1067,C01BB01
DDInter1067,S02DA01
DDInter1067,N01BB52
DDInter1067,C05AD01
DDInter1067,N01BB02
DDInter1068,S01HA07
DDInter1068,D04AB01
DDInter1068,R02AD02
DDInter1068,C01BB01
DDInter1068,S02DA01
DDInter1068,N01BB52
DDInter1068,C05AD01
DDInter1068,N01BB02
DDInter1069,A06AX04
DDInter107,L02BB05
DDInter1070,A10BH05
DDInter1070,A10BD19
DDInter1070,A10BD11
DDInter1070,A10BD27
DDInter1071,J01FF02
DDInter1072,P03AB02
DDInter1073,J01XX08
DDInter1074,H03AA03
DDInter1074,H03AA02
DDInter1076,A16AX01
DDInter1077,A10AE56
DDInter1077,A10BJ02
DDInter1078,N06BA12
DDInter1079,C09BA03
DDInter1079,C10BX07
DDInter1079,C09AA03
DDInter1079,C09BB03
DDInter108,B01AF02
DDInter1082,A10AE54
DDInter1082,A10BJ03
DDInter1083,N07BC04
DDInter1084,S01AE04
DDInter1084,J01MA07
DDInter1085,C10AX12
DDInter1086,L01AD02
DDInter1087,A16AX20
DDInter1088,A07DA53
DDInter1088,A07DA03
DDInter1089,J05AR10
DDInter109,G04BE07
DDInter109,N04BC07
DDInter1090,J01DC08
DDInter1091,R06AX13
DDInter1092,N05BA56
DDInter1092,N05BA06
DDInter1093,A08AA11
DDInter1094,L01ED05
DDInter1095,C09CA01
DDInter1095,C09DA01
DDInter1095,C09DB06
DDInter1098,C10AA02
DDInter1098,C10BA01
DDInter1099,N05AH01
DDInter11,A10BD17
DDInter11,A10BF01
DDInter110,S01EA03
DDInter1100,A06AX03
DDInter1101,R07AX30
DDInter1102,N05AD10
DDInter1103,P01BF01
DDInter1104,N05AE05
DDInter1105,L01XX69
DDInter1106,B02BX07
DDInter111,L04AA32
DDInter1110,V04CD06
DDInter1111,C02KX04
DDInter1112,A02AD02
DDInter1112,A02AF01
DDInter1113,A02AA01
DDInter1113,V03AE04
DDInter1113,A06AD01
DDInter1114,A12CC01
DDInter1114,B05XA11
DDInter1115,B05CB03
DDInter1115,A12CC04
DDInter1115,A06AD19
DDInter1116,A12CC03
DDInter1118,G04BX01
DDInter1118,A02AA04
DDInter1119,A02AA02
DDInter1119,A12CC10
DDInter1119,A06AD02
DDInter112,A04AD12
DDInter1120,A06AD04
DDInter1120,V04CC02
DDInter1120,D11AX05
DDInter1120,B05XA05
DDInter1120,A12CC02
DDInter1123,B05CX04
DDInter1123,A06AD16
DDInter1123,R05CB16
DDInter1123,B05BC01
DDInter1123,V04CX04
DDInter1124,N06AA21
DDInter1125,J05AX09
DDInter1126,A08AA05
DDInter1128,P02CA51
DDInter1128,P02CA01
DDInter113,B02AB01
DDInter1130,C02BB01
DDInter1131,H01AC03
DDInter1132,H01AC05
DDInter1133,L01AA05
DDInter1134,R06AE55
DDInter1134,R06AE05
DDInter1135,M01AG04
DDInter1135,M02AA18
DDInter1136,B03BA05
DDInter1137,G03AA08
DDInter1137,G03DA02
DDInter1137,G03FB06
DDInter1137,G03FA12
DDInter1137,L02AB02
DDInter1137,G03AA17
DDInter1137,G03AC06
DDInter1139,M01AG01
DDInter114,C01CA22
DDInter1140,P01BF02
DDInter1140,P01BC02
DDInter1141,G03FB04
DDInter1141,G03DB02
DDInter1141,G03FA08
DDInter1141,G03AC05
DDInter1141,L02AB01
DDInter1141,G03AA04
DDInter1141,G03AB01
DDInter1142,N05CH01
DDInter1143,N01BB59
DDInter1143,M01AC56
DDInter1143,M01AC06
DDInter1144,L01AA03
DDInter1145,L01AA10
DDInter1146,N06DA52
DDInter1146,N06DX01
DDInter1146,N06DA53
DDInter1148,G03GA02
DDInter1148,G03GA03
DDInter1149,A03AB12
DDInter1150,N02AB02
DDInter1150,N02AB72
DDInter1150,N02AB52
DDInter1150,N02AG03
DDInter1151,C01CA11
DDInter1152,N03AB04
DDInter1152,N03AB54
DDInter1153,N01BB53
DDInter1153,N01BB03
DDInter1154,N05BC51
DDInter1154,N05CX01
DDInter1154,N05BC01
DDInter1155,D04AA02
DDInter1155,R06AC01
DDInter1156,L01BB02
DDInter1156,R03DA20
DDInter1157,J01DH02
DDInter1157,J01DH52
DDInter1158,A07EC02
DDInter1159,N05AC03
DDInter1161,N06BA03
DDInter1162,C01CA09
DDInter1164,A10BD23
DDInter1164,A10BD02
DDInter1164,A10BD18
DDInter1164,A10BD11
DDInter1164,A10BD25
DDInter1164,A10BA02
DDInter1164,A10BD22
DDInter1164,A10BD14
DDInter1164,A10BD16
DDInter1164,A10BD17
DDInter1164,A10BD05
DDInter1164,A10BD15
DDInter1164,A10BD07
DDInter1164,A10BD10
DDInter1164,A10BD13
DDInter1164,A10BD26
DDInter1164,A10BD20
DDInter1164,A10BD08
DDInter1164,A10BD27
DDInter1164,A10BD03
DDInter1165,V04CX03
DDInter1166,N07BC02
DDInter1166,N02AC52
DDInter1167,G01AE10
DDInter1167,S01EC05
DDInter1168,R06AD04
DDInter1169,J01XX05
DDInter117,B01AE03
DDInter1170,H03BB52
DDInter1170,H03BB02
DDInter1171,V03AB26
DDInter1172,M03BA73
DDInter1172,M03BA03
DDInter1172,M03BA53
DDInter1173,N05CB01
DDInter1173,N01AF01
DDInter1173,N05CA15
DDInter1174,L04AX03
DDInter1174,L01BA01
DDInter1175,N05AA02
DDInter1176,C01CA10
DDInter1177,D05BA02
DDInter1177,D05AD02
DDInter1178,D05BA02
DDInter1178,D05AD02
DDInter1179,N02BG09
DDInter118,N05AX12
DDInter1180,A03CB01
DDInter1180,S01FA03
DDInter1180,A03BB03
DDInter1181,N03AD03
DDInter1184,A06AC06
DDInter1185,C02AB01
DDInter1186,V03AB17
DDInter1186,V04CG05
DDInter1187,G02AC01
DDInter1187,G02AB01
DDInter1188,A06AH01
DDInter1189,N06BA04
DDInter119,N06BA13
DDInter1190,N03AA01
DDInter1190,N05CB01
DDInter1191,D10AA02
DDInter1191,H02AB04
DDInter1191,H02BX01
DDInter1191,D07CA02
DDInter1191,S01CA08
DDInter1191,D07AA01
DDInter1192,D10AA02
DDInter1192,H02AB04
DDInter1192,H02BX01
DDInter1192,D07CA02
DDInter1192,S01CA08
DDInter1192,D07AA01
DDInter1193,G03BA02
DDInter1193,G03EA01
DDInter1193,G03EK01
DDInter1194,N02CA04
DDInter1195,J01CR50
DDInter1195,J01CF03
DDInter1196,J01CR50
DDInter1196,J01CF03
DDInter1197,A03FA01
DDInter1199,C03EA12
DDInter1199,G01AE10
DDInter1199,C03BA08
DDInter12,C07AB04
DDInter12,C07BB04
DDInter120,L01XX27
DDInter1200,C07FB02
DDInter1200,C07FX05
DDInter1200,C07FX03
DDInter1200,C07FB13
DDInter1200,C07AB02
DDInter1200,C07BB52
DDInter1200,C07CB02
DDInter1200,C07BB02
DDInter1201,A16AA07
DDInter1202,A02BD11
DDInter1202,P01AB52
DDInter1202,D06BX01
DDInter1202,A02BD03
DDInter1202,J01XD01
DDInter1202,J01RA04
DDInter1202,A02BD01
DDInter1202,J01RA14
DDInter1202,A02BD15
DDInter1202,J01RA03
DDInter1202,A01AB17
DDInter1202,G01AF20
DDInter1202,J01RA10
DDInter1202,A02BD02
DDInter1202,A02BD13
DDInter1202,G01AF01
DDInter1202,P01AB51
DDInter1202,A02BD08
DDInter1202,P01AB01
DDInter1203,A02BD11
DDInter1203,P01AB52
DDInter1203,D06BX01
DDInter1203,A02BD03
DDInter1203,J01XD01
DDInter1203,J01RA04
DDInter1203,A02BD01
DDInter1203,J01RA14
DDInter1203,A02BD15
DDInter1203,J01RA03
DDInter1203,A01AB17
DDInter1203,G01AF20
DDInter1203,J01RA10
DDInter1203,A02BD02
DDInter1203,A02BD13
DDInter1203,G01AF01
DDInter1203,P01AB51
DDInter1203,A02BD08
DDInter1203,P01AB01
DDInter1204,V04CD01
DDInter1205,C02KB01
DDInter1206,C01BB02
DDInter1207,J01CR50
DDInter1207,J01CA10
DDInter1208,J02AX05
DDInter1209,A07AC01
DDInter1209,J02AB01
DDInter1209,D01AC52
DDInter1209,G01AF20
DDInter1209,A01AB09
DDInter1209,D01AC02
DDInter1209,S02AA13
DDInter1209,G01AF04
DDInter121,P01BF01
DDInter121,P01BE02
DDInter1210,A07AC01
DDInter1210,J02AB01
DDInter1210,D01AC52
DDInter1210,G01AF20
DDInter1210,A01AB09
DDInter1210,D01AC02
DDInter1210,S02AA13
DDInter1210,G01AF04
DDInter1212,N05CD08
DDInter1213,C01CA17
DDInter1214,L01EX10
DDInter1215,G03XB01
DDInter1215,G03XB51
DDInter1216,A16AX14
DDInter1217,A10BF02
DDInter1218,A16AX06
DDInter122,P01BE03
DDInter122,P01BF09
DDInter122,P01BF02
DDInter122,P01BF03
DDInter122,P01BF06
DDInter122,P01BF04
DDInter1220,N06AX17
DDInter1221,C01CE02
DDInter1222,P01CX04
DDInter1223,A06AA01
DDInter1223,A06AA51
DDInter1224,D10AF07
DDInter1224,J01AA08
DDInter1224,J01AA20
DDInter1224,A01AB23
DDInter1225,D10AF07
DDInter1225,J01AA08
DDInter1225,J01AA20
DDInter1225,A01AB23
DDInter1226,D11AX01
DDInter1226,C02DC01
DDInter1227,D11AX01
DDInter1227,C02DC01
DDInter1228,C10AX11
DDInter1229,G04BD12
DDInter123,N01BB58
DDInter123,N01BB08
DDInter1230,N06AX11
DDInter1231,G02AD06
DDInter1231,A02BB01
DDInter1231,M01AE56
DDInter1232,L01DC03
DDInter1233,L01XX23
DDInter1234,L01DB07
DDInter1235,M03AC10
DDInter1236,N06BA07
DDInter1237,C09AA13
DDInter1237,C09BA13
DDInter1238,L01FX09
DDInter1239,N05AE02
DDInter124,G01AD03
DDInter124,A11GA01
DDInter124,A11GB01
DDInter124,S01XA15
DDInter1242,R03DC03
DDInter1242,R03DC53
DDInter1243,C01BG01
DDInter1244,A07DA52
DDInter1244,N02AA51
DDInter1244,N02AA01
DDInter1244,N02AG01
DDInter1245,A07DA52
DDInter1245,N02AA51
DDInter1245,N02AA01
DDInter1245,N02AG01
DDInter1247,S01AE07
DDInter1247,J01MA14
DDInter1249,R01AX06
DDInter1249,D06AX09
DDInter125,N05AH05
DDInter1250,L04AA02
DDInter1252,L04AA06
DDInter1253,A04AD11
DDInter1254,M01AX01
DDInter1255,C07BA12
DDInter1255,C07AA12
DDInter1256,J01CR50
DDInter1256,J01CF06
DDInter1257,N02AF02
DDInter1258,A06AH05
DDInter1259,J01MB02
DDInter1260,N07BB05
DDInter1261,A06AH03
DDInter1262,A06AH04
DDInter1262,N02AA53
DDInter1262,V03AB15
DDInter1262,N02AA55
DDInter1262,N02AX51
DDInter1263,N02AA56
DDInter1263,N07BB04
DDInter1263,A08AA62
DDInter1266,G02CC02
DDInter1266,M02AA12
DDInter1266,M01AE56
DDInter1266,M01AE52
DDInter1266,M01AE02
DDInter1267,N02CC02
DDInter1268,L04AA23
DDInter1269,A10BX03
DDInter127,L01XX02
DDInter1271,C07FB12
DDInter1271,C09DX05
DDInter1271,C07BB12
DDInter1271,C07AB12
DDInter1272,L01FE03
DDInter1273,R03BC03
DDInter1273,R01AC07
DDInter1273,S01GX04
DDInter1274,N06AX06
DDInter1275,L01BB07
DDInter1276,J05AE04
DDInter1277,A07AA51
DDInter1277,R02AB01
DDInter1277,J01GB05
DDInter1277,D06AX04
DDInter1277,S03AA01
DDInter1277,A01AB08
DDInter1277,A07AA01
DDInter1277,S02AA07
DDInter1277,B05CA09
DDInter1277,S01AA03
DDInter1278,A07AA51
DDInter1278,R02AB01
DDInter1278,J01GB05
DDInter1278,D06AX04
DDInter1278,S03AA01
DDInter1278,A01AB08
DDInter1278,A07AA01
DDInter1278,S02AA07
DDInter1278,B05CA09
DDInter1278,S01AA03
DDInter1279,N07AA01
DDInter1279,S01EB06
DDInter1279,N07AA51
DDInter128,R06AX11
DDInter1281,L01EH02
DDInter1282,C01DX19
DDInter1283,S01AA23
DDInter1283,J01GB07
DDInter1285,J05AG01
DDInter1285,J05AR05
DDInter1285,J05AR07
DDInter1286,C10AD02
DDInter1286,C10AD52
DDInter1286,C10BA01
DDInter1286,C04AC01
DDInter1287,C08CA04
DDInter1288,P02DA01
DDInter1289,A11HA01
DDInter129,J05AE08
DDInter129,J05AR15
DDInter129,J05AR23
DDInter1290,N07BA01
DDInter1291,C08CA55
DDInter1291,C08GA01
DDInter1291,C08CA05
DDInter1291,C07FB03
DDInter1292,P01CC01
DDInter1293,L01EA03
DDInter1294,L02BB02
DDInter1295,C08CA06
DDInter1296,L01EX09
DDInter1297,L01XK02
DDInter1298,C08CA07
DDInter1299,P01AX11
DDInter13,B01AA07
DDInter130,C07CB53
DDInter130,C07AB03
DDInter130,C07FB03
DDInter130,C07DB01
DDInter130,C07BB03
DDInter130,C07CB03
DDInter1300,A16AX04
DDInter1301,N05CD02
DDInter1302,R07AX01
DDInter1303,J01XE01
DDInter1303,J01XE51
DDInter1304,C01DA02
DDInter1304,C01DA52
DDInter1304,C05AE01
DDInter1305,C02DD01
DDInter1306,V03AB08
DDInter1307,N01AX13
DDInter1307,N01AX63
DDInter1308,L01FF01
DDInter1309,A02BA04
DDInter131,L01FF05
DDInter1310,G03AA13
DDInter1311,C01CA03
DDInter1312,H01CC54
DDInter1312,G03AA05
DDInter1312,G03DC02
DDInter1312,G03AB04
DDInter1312,G03AC01
DDInter1312,G03FA01
DDInter1312,G03FB05
DDInter1313,J01RA14
DDInter1313,J01RA13
DDInter1313,S01AE02
DDInter1313,J01MA06
DDInter1314,G03AA11
DDInter1314,G03FA13
DDInter1314,G03AB09
DDInter1315,G03FA10
DDInter1315,G03FB01
DDInter1315,G03AA06
DDInter1316,N06AA10
DDInter1318,D01AA01
DDInter1318,G01AA01
DDInter1318,A07AA02
DDInter1318,G01AA51
DDInter1319,A05AA04
DDInter132,N06BA09
DDInter1320,L01FA03
DDInter1321,L04AA36
DDInter1323,H01CB02
DDInter1324,L01FA02
DDInter1324,L04AA52
DDInter1325,J01MA01
DDInter1325,J01RA09
DDInter1325,S01AE01
DDInter1325,S02AA16
DDInter1326,N05AH03
DDInter1327,L01XK01
DDInter1328,L01FX10
DDInter1329,N02AX07
DDInter133,C10BA05
DDInter133,C10BX11
DDInter133,C10BX12
DDInter133,C10BX18
DDInter133,C10AA05
DDInter133,C10BX15
DDInter133,C10BX03
DDInter133,C10BX08
DDInter133,C10BX06
DDInter1330,C09DA08
DDInter1330,C09DX03
DDInter1330,C09CA08
DDInter1330,C09DB02
DDInter1331,R03AL06
DDInter1331,R03AC19
DDInter1332,S01GX09
DDInter1332,R01AC08
DDInter1334,A07EC03
DDInter1335,L01XX40
DDInter1336,J01AA15
DDInter1336,J01AA20
DDInter1337,R03DX05
DDInter134,P01AX06
DDInter134,P01BB51
DDInter1340,A02BC01
DDInter1340,A02BD05
DDInter1340,A02BD16
DDInter1340,A02BD01
DDInter1341,M09AX09
DDInter1342,A04AA01
DDInter1343,N04BX04
DDInter1344,A07DA02
DDInter1344,N02AA02
DDInter1345,L03AC02
DDInter1346,R03AB03
DDInter1346,R03CB03
DDInter1346,R03CB53
DDInter1347,J01XA05
DDInter1348,A08AB01
DDInter1349,M03BC51
DDInter1349,N04AB02
DDInter1349,M03BC01
DDInter135,M03AC04
DDInter1350,J05AH02
DDInter1351,H02CA02
DDInter1352,L01EB04
DDInter1353,G03XC05
DDInter1354,J01CR50
DDInter1354,J01CF04
DDInter1355,L01XA03
DDInter1356,P02BA02
DDInter1357,A14AA08
DDInter1358,M01AE12
DDInter1359,N05BA04
DDInter136,S01FA01
DDInter136,A03CB03
DDInter136,A03BA01
DDInter1360,N03AF02
DDInter1362,N06AX01
DDInter1363,R03DA20
DDInter1363,R03DB02
DDInter1363,R03DA02
DDInter1365,G04BD04
DDInter1366,N02AA56
DDInter1366,N02AA05
DDInter1366,N02AA55
DDInter1366,N02AJ18
DDInter1366,N02AJ17
DDInter1366,N02AJ19
DDInter1367,V03AN01
DDInter1371,A14AA05
DDInter1372,N02AA11
DDInter1374,J01AA06
DDInter1374,S01AA04
DDInter1374,J01AA56
DDInter1374,D06AA03
DDInter1374,G01AA07
DDInter1374,J01AA20
DDInter1375,G02AC01
DDInter1375,H01BB02
DDInter1376,L04AA38
DDInter1377,L01CD01
DDInter1379,L01EF01
DDInter138,A07BC54
DDInter138,A07BC04
DDInter1380,V03AF08
DDInter1381,N05AX13
DDInter1382,A04AA55
DDInter1382,A04AA05
DDInter1383,M05BA03
DDInter1384,A09AA02
DDInter1385,M03AC01
DDInter1386,L01FE02
DDInter1387,L01XH03
DDInter1388,A02BD04
DDInter1388,A02BD11
DDInter1388,A02BC02
DDInter1389,G04BE02
DDInter1389,A03AD01
DDInter1389,G04BE52
DDInter139,M01CB03
DDInter1391,N05CC05
DDInter1392,N03AC01
DDInter1393,H05AA03
DDInter1394,H05BX02
DDInter1395,J05AP53
DDInter1395,J05AP52
DDInter1396,A07AA06
DDInter1397,N06AB05
DDInter1398,H01CB05
DDInter14,N02BE71
DDInter14,N02BE01
DDInter14,N02AJ13
DDInter14,N02AJ17
DDInter14,N02BE51
DDInter14,N02AJ06
DDInter14,N02AJ01
DDInter140,M01CB04
DDInter1400,L01EX03
DDInter1401,A07BC01
DDInter1402,L03AX04
DDInter1404,L01XX24
DDInter1405,L03AA13
DDInter1406,B03XA04
DDInter1407,L03AB11
DDInter1407,L03AB61
DDInter1408,L03AB10
DDInter1408,L03AB60
DDInter1409,L03AB13
DDInter141,G04BE10
DDInter1410,M04AX02
DDInter1411,A16AB19
DDInter1412,H01AX01
DDInter1413,L01FF02
DDInter1414,L01BA04
DDInter1415,L01EN02
DDInter1416,N06BA05
DDInter1417,C07CA23
DDInter1417,C07AA23
DDInter1419,M01CC01
DDInter142,L01EX18
DDInter1420,P01CX01
DDInter1421,N02AD01
DDInter1423,N05CB01
DDInter1423,N05CA01
DDInter1424,C05BA04
DDInter1424,G04BX15
DDInter1425,L01XX08
DDInter1426,C04AD03
DDInter1426,R03DA20
DDInter1427,R05DB05
DDInter1428,N03AX22
DDInter143,B02BX08
DDInter1430,N04BC02
DDInter1431,C09BX01
DDInter1431,C09BA04
DDInter1431,C10BX11
DDInter1431,C10BX13
DDInter1431,C09AA04
DDInter1431,C09BX02
DDInter1431,C10BX12
DDInter1431,C09BB04
DDInter1431,C10BX15
DDInter1431,C10BX14
DDInter1431,C09BX04
DDInter1432,N05AB03
DDInter1434,L01FD02
DDInter1434,L01XY02
DDInter1435,L01EX15
DDInter1437,N03AX07
DDInter1438,G04BX06
DDInter144,L01FF04
DDInter1440,N06AF03
DDInter1441,R06AX04
DDInter1442,N05CB01
DDInter1442,N03AA02
DDInter1443,A06AB04
DDInter1444,C04AX02
DDInter1445,J01CR50
DDInter1445,J01CE10
DDInter1445,J01CE02
DDInter1446,N03AD02
DDInter1447,A08AA01
DDInter1448,V03AB36
DDInter1448,C04AB01
DDInter1449,G04BX12
DDInter1451,M01BA01
DDInter1451,M01AA01
DDInter1451,M02AA01
DDInter1452,A16AX03
DDInter1453,S01FB01
DDInter1453,R01AB01
DDInter1453,C01CA06
DDInter1453,R01AA04
DDInter1453,S01FB51
DDInter1453,R01BA53
DDInter1453,S01GA05
DDInter1453,S01GA55
DDInter1453,R01BA03
DDInter1458,R01BA51
DDInter1458,R01BA01
DDInter146,L01XX70
DDInter1460,N03AB02
DDInter1460,N03AB52
DDInter1461,B02BA01
DDInter1462,S01EB05
DDInter1462,V03AB19
DDInter1464,A06AB08
DDInter1464,A06AB58
DDInter1465,N07AX01
DDInter1465,S01EB01
DDInter1465,S01EB51
DDInter1467,N05AX17
DDInter1468,D11AH02
DDInter147,L01EK01
DDInter1470,N05AG02
DDInter1471,C07CA03
DDInter1471,C07AA03
DDInter1472,A10BD09
DDInter1472,A10BG03
DDInter1472,A10BD05
DDInter1472,A10BD06
DDInter1472,A10BD12
DDInter1473,M03AC06
DDInter1474,J01CR50
DDInter1474,J01CA12
DDInter1475,P02CB01
DDInter1476,R03CC07
DDInter1476,R03AC08
DDInter1477,L04AX05
DDInter1478,M01AC01
DDInter1478,M02AA07
DDInter1478,S01BC06
DDInter1479,C10AA08
DDInter148,L01BC07
DDInter1480,N07XX11
DDInter1482,J01GB14
DDInter1483,A06AX07
DDInter1484,L01DC02
DDInter1485,L01FX14
DDInter1489,S02AA11
DDInter1489,S03AA03
DDInter1489,J01XB02
DDInter1489,A07AA05
DDInter1489,S01AA18
DDInter149,R06AX09
DDInter1490,C03AA05
DDInter1490,G01AE10
DDInter1490,C03AB05
DDInter1491,L04AX06
DDInter1492,L01EA05
DDInter1493,L01XD01
DDInter1494,J02AC04
DDInter1495,B05XA17
DDInter1496,A12BA04
DDInter1497,A12BA51
DDInter1497,B05XA01
DDInter1497,A12BA01
DDInter1498,A12BA02
DDInter1499,A12BA05
DDInter15,G01AE10
DDInter15,S01EC01
DDInter150,L04AX01
DDInter1500,S01XA04
DDInter1500,V03AB21
DDInter1500,R05CA02
DDInter1501,H03BC01
DDInter1502,L01BA05
DDInter1503,V03AB04
DDInter1504,L01EX23
DDInter1505,N04BC05
DDInter1506,A10BX05
DDInter1508,B01AC22
DDInter1509,C10AA03
DDInter1509,C10BA11
DDInter1509,C10BA03
DDInter1509,C10BA12
DDInter1509,C10BX02
DDInter151,D10AX03
DDInter1510,P02BA01
DDInter1511,C02LE01
DDInter1511,C02CA01
DDInter1513,D07AA03
DDInter1513,S01CA02
DDInter1513,D07XA02
DDInter1513,A01AC54
DDInter1513,R01AD02
DDInter1513,S01BB02
DDInter1513,R01AD52
DDInter1513,S01CB02
DDInter1513,V03AB05
DDInter1513,S03BA02
DDInter1513,D07BA01
DDInter1513,D07CA03
DDInter1513,S01BA04
DDInter1513,S02BA03
DDInter1513,A07EA01
DDInter1513,H02AB06
DDInter1513,S02CA01
DDInter1513,C05AA04
DDInter1513,S03CA02
DDInter1515,A07EA03
DDInter1515,H02AB07
DDInter1516,N03AX16
DDInter1517,J04AK08
DDInter1518,N01BB54
DDInter1518,N01BB04
DDInter1520,P01BA03
DDInter1521,N05CB01
DDInter1521,N03AA03
DDInter1522,M04AB01
DDInter1522,G01AE10
DDInter1523,C10AX02
DDInter1524,C01BA02
DDInter1525,N01BA52
DDInter1525,C05AD05
DDInter1525,S01HA05
DDInter1525,N01BA02
DDInter1526,L01XB01
DDInter1527,N05AB04
DDInter1528,N04AA04
DDInter1529,G03FA04
DDInter1529,G03DA04
DDInter153,R06AX19
DDInter153,S01GX07
DDInter153,R01AC03
DDInter1531,P01BB01
DDInter1531,P01BB51
DDInter1531,P01BB52
DDInter1532,N05AA03
DDInter1533,R06AD52
DDInter1533,D04AA10
DDInter1533,V03AB05
DDInter1533,R06AD02
DDInter1534,C01BC03
DDInter1535,A03AB05
DDInter1535,A03CA34
DDInter1537,N05CM06
DDInter1538,N01AX10
DDInter1539,C07FX01
DDInter1539,C07AA05
DDInter1539,C07BA05
DDInter1541,H03BA02
DDInter1542,B01AD12
DDInter1543,N06AA11
DDInter1544,A06AX05
DDInter1545,R01BA52
DDInter1545,R01BA02
DDInter1546,P02CC01
DDInter1547,J04AK01
DDInter1547,J04AM06
DDInter1547,J04AM05
DDInter1548,N07AA02
DDInter1549,J04AM08
DDInter1549,A11HA02
DDInter1550,P01BF09
DDInter1550,P01BD01
DDInter1550,P01BD51
DDInter1550,P01BF04
DDInter1552,N05CD10
DDInter1553,N05AH04
DDInter1554,C09AA06
DDInter1554,C09BA06
DDInter1556,C01BA01
DDInter1556,C01BA51
DDInter1556,C01BA71
DDInter1557,M09AA72
DDInter1557,P01BC01
DDInter1559,A02BD12
DDInter1559,A02BD13
DDInter1559,A02BC54
DDInter1559,M01AA05
DDInter1559,A02BC04
DDInter1559,M02AA03
DDInter156,C09CA09
DDInter156,C09DA09
DDInter1562,G03XC01
DDInter1563,J05AR16
DDInter1563,J05AJ01
DDInter1564,N05CH02
DDInter1565,C09BX03
DDInter1565,C10BX04
DDInter1565,C09BB05
DDInter1565,C09AA05
DDInter1565,C10BX18
DDInter1565,C10BX17
DDInter1565,C09BB07
DDInter1565,C09BX05
DDInter1565,C10BX06
DDInter1565,C09BA05
DDInter1566,L01FG02
DDInter1568,A02BA07
DDInter1568,A02BA02
DDInter157,J01RA07
DDInter157,S01AA26
DDInter157,J01FA10
DDInter1570,C01EB18
DDInter1572,N04BD02
DDInter1573,V03AF07
DDInter1573,M04AX01
DDInter1574,L04AA43
DDInter1575,C01EB21
DDInter1576,L01EX05
DDInter1577,H01CC54
DDInter1577,L02BX04
DDInter1578,J05AB16
DDInter1579,N01AH06
DDInter158,J01DF01
DDInter1580,N05CD14
DDInter1581,A10BD14
DDInter1581,A10BX02
DDInter1582,C02LA51
DDInter1582,C02AA02
DDInter1582,C02LA01
DDInter1582,C02LA71
DDInter1582,C02AA52
DDInter1585,B01AD07
DDInter1586,R03BB08
DDInter1587,J05AP01
DDInter1588,L01EF02
DDInter1589,J04AB04
DDInter1589,A02BD16
DDInter159,J01CR50
DDInter159,J01CA06
DDInter1590,J04AM02
DDInter1590,J04AB02
DDInter1590,J04AM06
DDInter1590,J04AM05
DDInter1590,J04AM07
DDInter1591,S01AA16
DDInter1591,S02AA12
DDInter1591,D06AX15
DDInter1591,A07AA13
DDInter1591,J04AB03
DDInter1592,J04AB05
DDInter1593,A07AA11
DDInter1593,D06AX11
DDInter1594,L04AC04
DDInter1595,J05AR19
DDInter1595,J05AR21
DDInter1595,J05AR08
DDInter1595,J05AG05
DDInter1596,N07XX02
DDInter1597,J05AC02
DDInter1598,N02CD06
DDInter16,A10BB31
DDInter1600,C02KX05
DDInter1601,L01EX19
DDInter1602,L04AC18
DDInter1603,M09AX10
DDInter1604,M05BB07
DDInter1604,M05BB02
DDInter1604,M05BB04
DDInter1604,M05BA07
DDInter1605,N05AX08
DDInter1606,G02CA01
DDInter1607,J05AP53
DDInter1607,J05AR10
DDInter1607,J05AE03
DDInter1607,J05AR23
DDInter1607,J05AR26
DDInter1607,J05AP52
DDInter1608,L01FA01
DDInter1609,B01AF01
DDInter161,J01XX10
DDInter161,D06AX05
DDInter161,R02AB04
DDInter1610,N06DA03
DDInter1611,N02CC04
DDInter1612,M03AC09
DDInter1613,M01AH02
DDInter1614,R03DX07
DDInter1615,A04AD14
DDInter1616,L01XH02
DDInter1617,B02BX04
DDInter1618,M05BX06
DDInter1619,N04BC04
DDInter162,M03BX01
DDInter1620,N01BB09
DDInter1621,A10BD04
DDInter1621,A10BG02
DDInter1621,A10BD03
DDInter1622,C10BX10
DDInter1622,C10BX05
DDInter1622,C10BX07
DDInter1622,C10AA07
DDInter1622,A10BH52
DDInter1622,G01AE10
DDInter1622,C10BX13
DDInter1622,C10BX09
DDInter1622,C10BA09
DDInter1622,C10BX16
DDInter1622,C10BX17
DDInter1622,C10BX14
DDInter1622,C10BA06
DDInter1623,J07BH01
DDInter1624,N04BC09
DDInter1625,J07BD53
DDInter1625,J07BD54
DDInter1625,J07BD52
DDInter1625,J07BJ01
DDInter1625,J07BJ51
DDInter1625,J07BD51
DDInter1626,L01XK03
DDInter1627,N03AF03
DDInter1628,L01EJ01
DDInter1629,L01FX17
DDInter163,J05AX25
DDInter1630,C09DX04
DDInter1631,N04BD03
DDInter1632,R03AK04
DDInter1632,R03AC02
DDInter1632,R03CC02
DDInter1632,R03AK13
DDInter1632,R03AL02
DDInter1635,R03AK06
DDInter1635,R03AK12
DDInter1635,R03AC12
DDInter1636,H05BA01
DDInter1637,N02BA06
DDInter1638,V10BX02
DDInter1639,A16AX07
DDInter164,A07EC04
DDInter1640,J05AE01
DDInter1641,J01AA14
DDInter1641,J01AA20
DDInter1642,L03AA09
DDInter1643,L04AC14
DDInter1644,L04AC19
DDInter1646,A10BD21
DDInter1646,A10BD25
DDInter1646,A10BH03
DDInter1646,A10BD10
DDInter1647,N05CM05
DDInter1647,S01FA02
DDInter1647,A04AD01
DDInter1647,A04AD51
DDInter1649,P01AB07
DDInter1649,J01RA07
DDInter165,L04AA37
DDInter1650,N05CB01
DDInter1650,N05CA06
DDInter1651,V04CK01
DDInter1652,L04AC10
DDInter1653,N04BD01
DDInter1655,D01AE13
DDInter1656,B01AC27
DDInter1657,L01XX66
DDInter1658,L01EX22
DDInter1659,L01EE04
DDInter166,L04AC02
DDInter1660,A10BJ06
DDInter1661,V04CD03
DDInter1661,H01AC04
DDInter1662,N06AB06
DDInter1663,V03AE02
DDInter1664,N01AB08
DDInter1665,A08AA10
DDInter1666,G01AE10
DDInter1666,G04BE03
DDInter1667,G04CA04
DDInter1668,L04AC11
DDInter167,G03XC02
DDInter167,G03CC07
DDInter1673,G01AE10
DDInter1673,J05AP05
DDInter1675,A10BH51
DDInter1675,C10AA01
DDInter1675,C10BX04
DDInter1675,C10BA02
DDInter1675,C10BX01
DDInter1675,C10BA04
DDInter1676,L04AA42
DDInter1677,L03AX17
DDInter1678,S01XA23
DDInter1678,L04AA10
DDInter1679,A10BH51
DDInter1679,A10BD24
DDInter1679,A10BD07
DDInter1679,A10BH01
DDInter1679,A10BD12
DDInter168,D07CC04
DDInter168,R03AL09
DDInter168,R03BA01
DDInter168,D07AC15
DDInter168,R03AK08
DDInter168,R03AK13
DDInter168,R01AD01
DDInter168,A07EA07
DDInter1681,B05XA08
DDInter1682,M01CB01
DDInter1683,B05CB04
DDInter1683,B05XA02
DDInter1684,V03AG01
DDInter1685,B05XA03
DDInter1685,B05CB01
DDInter1685,A12CA01
DDInter1686,B05CB02
DDInter1688,B05XA14
DDInter1690,N01AX11
DDInter1690,N07XX04
DDInter1691,A06AG01
DDInter1691,V03AG05
DDInter1691,A06AD17
DDInter1691,B05XA09
DDInter1693,A06AD13
DDInter1693,A12CA02
DDInter1694,V03AE10
DDInter1695,J05AP08
DDInter1695,J05AP51
DDInter1695,J05AP55
DDInter1695,J05AP56
DDInter1696,G04BD08
DDInter1696,G04CA53
DDInter1697,N06BA14
DDInter1698,H01AC07
DDInter1699,H01AC01
DDInter17,G04BX03
DDInter170,J04AK05
DDInter1700,H01AC02
DDInter1701,L01XJ02
DDInter1702,L01EX02
DDInter1703,B05CX02
DDInter1703,V04CC01
DDInter1703,A06AD18
DDInter1703,A06AG07
DDInter1704,C07AA07
DDInter1704,C07BA07
DDInter1704,C07FX02
DDInter1705,J01MA09
DDInter1706,J01XX04
DDInter1707,C03DA01
DDInter1708,N06AX25
DDInter1709,A14AA02
DDInter171,L01FX15
DDInter1710,J05AF04
DDInter1710,J05AR07
DDInter1711,N03AX17
DDInter1712,B01AD01
DDInter1712,B06AA55
DDInter1713,J04AM01
DDInter1713,J01GA01
DDInter1713,A07AA54
DDInter1713,A07AA04
DDInter1714,L01AD04
DDInter1715,V10BX01
DDInter1716,M03AB01
DDInter1717,A02BX02
DDInter1718,N01AH03
DDInter1719,V03AB35
DDInter172,L04AA28
DDInter1721,J01EE06
DDInter1721,J01EC02
DDInter1721,G01AE10
DDInter1721,J01EE02
DDInter1722,P01BF09
DDInter1722,G01AE10
DDInter1723,J01EB02
DDInter1723,B05CA04
DDInter1723,G01AE10
DDInter1723,S01AB01
DDInter1723,D06BA04
DDInter1724,J04AM08
DDInter1724,J01EE01
DDInter1724,G01AE10
DDInter1724,J01EC01
DDInter1725,G01AE10
DDInter1725,A07EC01
DDInter1726,M04AB02
DDInter1727,J01EB05
DDInter1727,G01AE10
DDInter1727,S01AB02
DDInter1729,M01AB02
DDInter173,L04AA26
DDInter1730,N02CC01
DDInter1730,G01AE10
DDInter1731,L01EX01
DDInter1733,N05CM19
DDInter1734,N06DA01
DDInter1735,D11AH01
DDInter1735,L04AD02
DDInter1736,G04BE08
DDInter1736,C02KX52
DDInter1736,G04CA54
DDInter1737,N07XX08
DDInter1738,L01FX12
DDInter1739,P01BA07
DDInter174,L01XH04
DDInter1741,L01XX67
DDInter1742,L01XK04
DDInter1743,L01XX51
DDInter1744,L02BA01
DDInter1745,G04CA52
DDInter1745,G04CA02
DDInter1745,G01AE10
DDInter1745,G04CA54
DDInter1745,G04CA53
DDInter1746,N02AX06
DDInter1747,N05CH03
DDInter1748,D05AX55
DDInter1748,D05AX05
DDInter1749,D05AX55
DDInter1749,D05AX05
DDInter1750,L01XX72
DDInter1752,J01XX11
DDInter1753,A16AX08
DDInter1754,A06AX06
DDInter1755,J05AP02
DDInter1756,J01XA03
DDInter1757,J05AF11
DDInter1758,J01FA15
DDInter1759,C09DB04
DDInter1759,C09CA07
DDInter1759,C09DA07
DDInter176,C10AX15
DDInter176,C10BA10
DDInter1761,N05CD07
DDInter1762,L01AX03
DDInter1763,L01EG01
DDInter1764,B01AD11
DDInter1765,L01CB02
DDInter1766,L04AA53
DDInter1767,G04CA03
DDInter1768,D01AE15
DDInter1768,D01BA02
DDInter1769,R03CC53
DDInter1769,R03CC03
DDInter1769,R03AC03
DDInter177,C09BA07
DDInter177,C09AA07
DDInter1770,R06AX12
DDInter1771,L04AA31
DDInter1772,H05AA02
DDInter1773,H01AC06
DDInter1775,G03BA03
DDInter1775,G03EA02
DDInter1776,G03BA03
DDInter1776,G03EA02
DDInter1778,N07XX06
DDInter1779,C05AD02
DDInter1779,N01BA03
DDInter1779,D04AB06
DDInter1779,N01BA53
DDInter1779,S01HA03
DDInter178,L01AA09
DDInter1780,C05AD02
DDInter1780,N01BA03
DDInter1780,D04AB06
DDInter1780,N01BA53
DDInter1780,S01HA03
DDInter1781,C05AD02
DDInter1781,N01BA03
DDInter1781,D04AB06
DDInter1781,N01BA53
DDInter1781,S01HA03
DDInter1782,H01AA02
DDInter1783,S02AA08
DDInter1783,A02BD02
DDInter1783,A01AB13
DDInter1783,J01AA07
DDInter1783,S01AA09
DDInter1783,J01AA20
DDInter1783,J01RA08
DDInter1783,S03AA02
DDInter1783,D06AA04
DDInter1783,A02BD08
DDInter1784,S02AA08
DDInter1784,A02BD02
DDInter1784,A01AB13
DDInter1784,J01AA07
DDInter1784,S01AA09
DDInter1784,J01AA20
DDInter1784,J01RA08
DDInter1784,S03AA02
DDInter1784,D06AA04
DDInter1784,A02BD08
DDInter1785,V03AE08
DDInter1789,L04AX02
DDInter179,C03AB01
DDInter179,C03EA13
DDInter179,G01AE10
DDInter179,C03AA01
DDInter1791,R03DA54
DDInter1791,R03DA74
DDInter1791,R03DA20
DDInter1791,R03DA04
DDInter1791,R03DB04
DDInter1792,D01AC06
DDInter1792,P02CA02
DDInter1793,R06AD03
DDInter1795,N01AF03
DDInter1795,N05CB01
DDInter1795,N05CA19
DDInter1796,N05AC02
DDInter1797,L01AC01
DDInter1798,N05AF04
DDInter18,S01EB09
DDInter1800,H01AB01
DDInter1801,N03AG06
DDInter1802,B01AC24
DDInter1803,J01CR50
DDInter1803,J01CA13
DDInter1804,B01AC05
DDInter1805,J01AA20
DDInter1805,J01AA12
DDInter1806,L04AC17
DDInter1808,M05BA05
DDInter1809,C07AA06
DDInter1809,S01ED51
DDInter1809,C07BA06
DDInter1809,C07DA06
DDInter1809,S01ED01
DDInter181,N04AC01
DDInter1810,C07AA06
DDInter1810,S01ED51
DDInter1810,C07BA06
DDInter1810,C07DA06
DDInter1810,S01ED01
DDInter1811,J01RA11
DDInter1811,J01RA13
DDInter1811,A02BD09
DDInter1811,J01XD02
DDInter1811,G01AF20
DDInter1811,P01AB02
DDInter1812,B01AB10
DDInter1813,G01AF20
DDInter1813,D01AC07
DDInter1813,G01AF08
DDInter1814,L01BB03
DDInter1815,R03AL06
DDInter1815,R03BB04
DDInter1815,R03BB54
DDInter1815,R03AL10
DDInter1817,J05AE09
DDInter1818,B01AC17
DDInter1819,L01XX71
DDInter1820,L01EK03
DDInter1821,M03BX02
DDInter1822,S01AA12
DDInter1822,J01GB01
DDInter1823,C01BB03
DDInter1824,L04AC07
DDInter1825,L04AA29
DDInter1826,A10BB05
DDInter1827,M02AX02
DDInter1827,C04AB02
DDInter1828,V04CA01
DDInter1828,A10BB03
DDInter1829,N04BX01
DDInter183,P01CA02
DDInter1830,V03AE01
DDInter1831,M01AB03
DDInter1831,M02AA21
DDInter1832,G04BD07
DDInter1833,C03XA01
DDInter1834,N03AX11
DDInter1835,L01CE01
DDInter1836,C03CA04
DDInter1836,G01AE10
DDInter1837,L02BA02
DDInter1838,V10XA53
DDInter1840,L01CX01
DDInter1841,N02AJ16
DDInter1841,N02AJ13
DDInter1841,N02AJ14
DDInter1841,N02AX02
DDInter1842,L01EE01
DDInter1843,C09AA10
DDInter1843,C09BB10
DDInter1844,B02AA02
DDInter1845,N06AF04
DDInter1846,L01FD01
DDInter1846,L01XY02
DDInter1847,L01FD04
DDInter1848,L01FD03
DDInter1849,S01EE04
DDInter185,R05DB01
DDInter1851,N06AX05
DDInter1852,B01AC21
DDInter1853,L01XF01
DDInter1853,D10AD51
DDInter1853,D10AD01
DDInter1854,L01XF01
DDInter1854,D10AD51
DDInter1854,D10AD01
DDInter1855,D07AB09
DDInter1855,R01AD11
DDInter1855,R03BA06
DDInter1855,D07BB03
DDInter1855,A01AC01
DDInter1855,H02AB08
DDInter1855,D07CB01
DDInter1855,S01BA05
DDInter1855,D07XB02
DDInter1855,S02CA04
DDInter1855,C05AA12
DDInter1856,D07AB09
DDInter1856,R01AD11
DDInter1856,R03BA06
DDInter1856,D07BB03
DDInter1856,A01AC01
DDInter1856,H02AB08
DDInter1856,D07CB01
DDInter1856,S01BA05
DDInter1856,D07XB02
DDInter1856,S02CA04
DDInter1856,C05AA12
DDInter1857,D07AB09
DDInter1857,R01AD11
DDInter1857,R03BA06
DDInter1857,D07BB03
DDInter1857,A01AC01
DDInter1857,H02AB08
DDInter1857,D07CB01
DDInter1857,S01BA05
DDInter1857,D07XB02
DDInter1857,S02CA04
DDInter1857,C05AA12
DDInter1858,D07AB09
DDInter1858,R01AD11
DDInter1858,R03BA06
DDInter1858,D07BB03
DDInter1858,A01AC01
DDInter1858,H02AB08
DDInter1858,D07CB01
DDInter1858,S01BA05
DDInter1858,D07XB02
DDInter1858,S02CA04
DDInter1858,C05AA12
DDInter1859,C03DB02
DDInter1860,N05CD05
DDInter1861,G01AE10
DDInter1861,C03AA06
DDInter1861,C03EA02
DDInter1861,C03AB06
DDInter1863,P02BX04
DDInter1864,A16AX12
DDInter1866,N05AB06
DDInter1867,N05AA05
DDInter1868,L01BC59
DDInter1868,S01AD02
DDInter1869,A16AX17
DDInter1870,N04AA01
DDInter1871,N03AC02
DDInter1872,C02BA01
DDInter1873,R06AA10
DDInter1874,J01EE03
DDInter1874,J01EA01
DDInter1874,J04AM08
DDInter1874,J01EE01
DDInter1874,J01EE04
DDInter1874,J01EE02
DDInter1874,J01EE05
DDInter1874,J01EE07
DDInter1875,P01AX07
DDInter1876,N06AA06
DDInter1877,D05BA01
DDInter1877,D05AD01
DDInter1878,R06AC04
DDInter1878,D04AA04
DDInter1879,R06AX07
DDInter188,G01AE10
DDInter1880,L02AE04
DDInter1881,A10BG01
DDInter1882,J01FA08
DDInter1883,B05XX02
DDInter1883,B05BB03
DDInter1884,S01FA06
DDInter1884,S01FA56
DDInter1885,S01FA06
DDInter1885,S01FA56
DDInter1886,A03DA06
DDInter1886,G04BD09
DDInter1887,J01MA13
DDInter1888,N06AX02
DDInter189,J01CR50
DDInter189,J01CE01
DDInter189,S01AA14
DDInter189,J01CE08
DDInter1890,M03AA02
DDInter1891,L01EH03
DDInter1895,V08AC09
DDInter1896,N02CD04
DDInter1897,G03AD02
DDInter1897,G03XB02
DDInter1898,G03AD02
DDInter1898,G03XB02
DDInter1899,R03AL08
DDInter1899,R03AL03
DDInter1899,R03BB07
DDInter19,R05CB01
DDInter19,S01XA08
DDInter19,V03AB23
DDInter190,J01CR50
DDInter190,J01CE01
DDInter190,S01AA14
DDInter190,J01CE08
DDInter1901,L04AA44
DDInter1902,L01AD08
DDInter1903,D02AE01
DDInter1903,B05BC02
DDInter1903,D02AE51
DDInter1904,G03GA04
DDInter1905,B01AD04
DDInter1906,A05AA02
DDInter1907,L04AC05
DDInter1908,J05AB11
DDInter1909,N07XX13
DDInter191,J01CR50
DDInter191,J01CE01
DDInter191,S01AA14
DDInter191,J01CE08
DDInter1910,M01AH03
DDInter1911,N05CM09
DDInter1912,J05AB14
DDInter1913,N03AG01
DDInter1914,L01DB09
DDInter1915,C09DX05
DDInter1915,C10BX10
DDInter1915,C09DA03
DDInter1915,C09CA03
DDInter1915,C09DX02
DDInter1915,C09DX01
DDInter1915,C09DB08
DDInter1915,C09DB01
DDInter1915,C09DX04
DDInter1916,J01XA01
DDInter1916,A07AA09
DDInter1916,S01AA28
DDInter1917,L01EX04
DDInter1918,G04BE09
DDInter1919,N07BA03
DDInter192,C08EA02
DDInter1922,M03AC03
DDInter1923,L04AA33
DDInter1924,J05AP55
DDInter1924,J05AP56
DDInter1925,G01AE10
DDInter1925,L01EC01
DDInter1926,L01XX52
DDInter1927,N06AX16
DDInter1928,C09BB10
DDInter1928,C08DA51
DDInter1928,C08DA01
DDInter1929,S01LA01
DDInter193,B06AC06
DDInter1933,N03AG04
DDInter1934,R03AL08
DDInter1934,R03AK10
DDInter1934,R03AL03
DDInter1935,N06AX24
DDInter1936,L01CA01
DDInter1937,L01CA02
DDInter1938,L01CA02
DDInter1939,L01CA04
DDInter194,A11CA02
DDInter194,D02BB01
DDInter1940,L01XJ01
DDInter1941,S01XA02
DDInter1941,V04CB01
DDInter1941,D10AD02
DDInter1941,R01AX02
DDInter1941,A11CA01
DDInter1945,B01AC26
DDInter1946,J02AC03
DDInter1947,L01XH01
DDInter1948,N06AX26
DDInter1949,B06AX03
DDInter195,R01AD06
DDInter195,D07BC01
DDInter195,S01BA06
DDInter195,S01BB04
DDInter195,S01CB04
DDInter195,H02AB01
DDInter195,C05AA05
DDInter195,S03CA06
DDInter195,D07XC01
DDInter195,D07AC01
DDInter195,A07EA04
DDInter195,S02BA07
DDInter195,R03BA04
DDInter195,S03BA03
DDInter195,S01CA05
DDInter195,D07CC01
DDInter1950,J05AP56
DDInter1951,B01AA03
DDInter1954,G04BE04
DDInter1955,R03DC01
DDInter1956,J05AF03
DDInter1957,N05CF03
DDInter1958,J05AH01
DDInter1959,L01EL03
DDInter196,R01AD06
DDInter196,D07BC01
DDInter196,S01BA06
DDInter196,S01BB04
DDInter196,S01CB04
DDInter196,H02AB01
DDInter196,C05AA05
DDInter196,S03CA06
DDInter196,D07XC01
DDInter196,D07AC01
DDInter196,A07EA04
DDInter196,S02BA07
DDInter196,R03BA04
DDInter196,S03BA03
DDInter196,S01CA05
DDInter196,D07CC01
DDInter1960,N02BG08
DDInter1961,J05AR04
DDInter1961,J05AF01
DDInter1961,J05AR05
DDInter1961,J05AR01
DDInter1963,C05AX04
DDInter1963,A16AX05
DDInter1964,C05AX04
DDInter1964,B05XA12
DDInter1965,C05AX04
DDInter1965,A12CB02
DDInter1966,C05AX04
DDInter1966,A12CB01
DDInter1966,B05XA18
DDInter1967,N05AE04
DDInter1968,M05BB08
DDInter1968,M05BA08
DDInter1969,N02CC03
DDInter197,S01ED02
DDInter197,C07AB05
DDInter197,S01ED52
DDInter1970,N05CF02
DDInter1971,N03AX15
DDInter1971,G01AE10
DDInter1972,N05CF01
DDInter198,S01ED02
DDInter198,C07AB05
DDInter198,S01ED52
DDInter199,N07AB02
DDInter2,H05AA04
DDInter20,B01AC06
DDInter20,C07FX04
DDInter20,C10BX04
DDInter20,M01BA03
DDInter20,N02BA71
DDInter20,C10BX02
DDInter20,B01AC56
DDInter20,N02AJ07
DDInter20,N02AJ02
DDInter20,N02BA01
DDInter20,C10BX05
DDInter20,N02BA51
DDInter20,A01AD05
DDInter20,C10BX01
DDInter20,C07FX03
DDInter20,N02AJ18
DDInter20,C10BX12
DDInter20,C10BX08
DDInter20,C10BX06
DDInter20,C07FX02
DDInter200,B01AF04
DDInter201,L01FG01
DDInter201,S01LA08
DDInter202,L01XF03
DDInter203,L01XF03
DDInter204,L02BB03
DDInter204,L02AE51
DDInter205,J05AR20
DDInter207,S01EE03
DDInter21,D05BB02
DDInter210,L01EE03
DDInter211,N04AA02
DDInter212,A06AB52
DDInter212,A06AB02
DDInter212,A06AG02
DDInter213,A02BD08
DDInter213,A02BX05
DDInter216,C07FX04
DDInter216,C07BB07
DDInter216,C07AB07
DDInter216,C09BX05
DDInter216,C09BX02
DDInter216,C09BX04
DDInter216,C07FB07
DDInter217,B01AE06
DDInter219,L01DC01
DDInter22,R03BB05
DDInter22,R03AL05
DDInter220,L01FX07
DDInter221,J05AP03
DDInter222,L01XG01
DDInter223,G01AE10
DDInter223,C02KX01
DDInter224,L01EA04
DDInter225,M03AX01
DDInter227,G02CX05
DDInter228,L01FX05
DDInter229,C01BD02
DDInter23,R06AX18
DDInter231,N05AX16
DDInter233,L01ED04
DDInter234,D11AX21
DDInter234,S01GA07
DDInter234,S01EA05
DDInter235,D11AX21
DDInter235,S01GA07
DDInter235,S01EA05
DDInter236,D11AX21
DDInter236,S01GA07
DDInter236,S01EA05
DDInter237,S01EC54
DDInter237,S01EC04
DDInter237,G01AE10
DDInter238,S01EC54
DDInter238,S01EC04
DDInter238,G01AE10
DDInter239,N03AX23
DDInter24,A07BA51
DDInter24,A07BA01
DDInter240,L04AC12
DDInter241,S01BC11
DDInter242,S01BC11
DDInter243,N04BC01
DDInter243,G02CB01
DDInter244,R03DA20
DDInter245,R06AB51
DDInter245,R06AB01
DDInter246,R03AL11
DDInter246,D07AC09
DDInter246,R01AD05
DDInter246,R03AK07
DDInter246,A07EA06
DDInter246,R03BA02
DDInter246,R03AK12
DDInter247,R03AL11
DDInter247,D07AC09
DDInter247,R01AD05
DDInter247,R03AK07
DDInter247,A07EA06
DDInter247,R03BA02
DDInter247,R03AK12
DDInter248,G01AE10
DDInter248,C03CB02
DDInter248,C03EB02
DDInter248,C03CA02
DDInter249,N01BB01
DDInter249,N01BB59
DDInter249,N01BB51
DDInter25,J05AB01
DDInter25,D06BB03
DDInter25,S01AD03
DDInter25,D06BB53
DDInter250,N01BB01
DDInter250,N01BB59
DDInter250,N01BB51
DDInter251,N07BC01
DDInter251,N07BC51
DDInter251,N02AE01
DDInter252,A08AA62
DDInter252,N06AX12
DDInter253,M05BX05
DDInter254,N05BE01
DDInter255,L01AB01
DDInter256,N05CB01
DDInter257,N05CB01
DDInter258,N02AF01
DDInter259,L01CD04
DDInter26,J05AB01
DDInter26,D06BB03
DDInter26,S01AD03
DDInter26,D06BB53
DDInter260,N04BC06
DDInter260,G02CB03
DDInter261,J05AJ04
DDInter262,L01EX07
DDInter263,D11AX26
DDInter263,R03DA20
DDInter263,V04CG30
DDInter263,N06BC01
DDInter265,A11CC06
DDInter265,H05BX05
DDInter266,D05AX52
DDInter266,D05AX02
DDInter267,D05AX52
DDInter267,D05AX02
DDInter268,D05AX03
DDInter268,A11CC04
DDInter269,D05AX03
DDInter269,A11CC04
DDInter27,L04AB04
DDInter270,V03AE04
DDInter270,A11GB01
DDInter270,V03AE07
DDInter271,A02AC01
DDInter271,A12AA04
DDInter271,A11GB01
DDInter272,A12AA07
DDInter272,A11GB01
DDInter272,G04BA03
DDInter272,B05XA07
DDInter273,A12AA13
DDInter273,A11GB01
DDInter274,A12AA02
DDInter275,A12AA10
DDInter276,A12AA03
DDInter276,D11AX03
DDInter278,A12AA05
DDInter279,A12AA01
DDInter279,A11GB01
DDInter28,D10AD03
DDInter28,D10AD53
DDInter280,A10BD16
DDInter280,A10BK02
DDInter281,L04AC08
DDInter283,B01AC25
DDInter284,N03AX24
DDInter285,L01BC06
DDInter286,B01AX07
DDInter287,L01EX17
DDInter288,J04AB30
DDInter289,V09IB04
DDInter29,D10AD03
DDInter29,D10AD53
DDInter292,C09AA01
DDInter292,C09BA01
DDInter293,N03AF01
DDInter295,J01CR50
DDInter295,J01CA03
DDInter297,R06AA08
DDInter298,L01XA02
DDInter299,L01XG02
DDInter30,J05AF08
DDInter300,N05AX15
DDInter301,M03BA02
DDInter301,M03BA72
DDInter301,M03BA52
DDInter302,L01AD01
DDInter303,S01ED55
DDInter303,S01ED05
DDInter303,C07AA15
DDInter304,S01ED55
DDInter304,S01ED05
DDInter304,C07AA15
DDInter305,C07AG02
DDInter305,C07FX06
DDInter306,J02AX04
DDInter307,A06AB05
DDInter309,J01DC04
DDInter31,C01EB10
DDInter310,J01DB05
DDInter311,J01DB03
DDInter312,J01DC03
DDInter313,J01DB08
DDInter314,J01DB04
DDInter315,J01DD15
DDInter316,J01DD16
DDInter317,J01DE01
DDInter317,J01RA06
DDInter318,J01DI04
DDInter319,J01DD08
DDInter319,J01RA15
DDInter32,L01EB03
DDInter320,J01DC09
DDInter321,J01DC06
DDInter322,J01DD12
DDInter323,J01DD01
DDInter324,J01DC05
DDInter325,J01DC01
DDInter326,J01DD13
DDInter327,J01DC10
DDInter328,J01DB09
DDInter329,J01DI02
DDInter33,S01LA05
DDInter33,L01XX44
DDInter330,J01DD02
DDInter331,J01DD14
DDInter332,J01DD07
DDInter334,J01DD04
DDInter334,J01DD54
DDInter335,S01AA27
DDInter335,J01DC02
DDInter335,J01RA03
DDInter336,N02AJ16
DDInter336,M01AH01
DDInter336,G01AE10
DDInter336,L01XX33
DDInter336,C08CA51
DDInter337,L01FF06
DDInter338,N03AX25
DDInter339,J01DB01
DDInter34,A16AB04
DDInter340,L01ED02
DDInter341,C10AA06
DDInter342,L04AB05
DDInter343,S01GX12
DDInter343,R06AE07
DDInter344,L01FE01
DDInter346,N07AX03
DDInter348,A05AA01
DDInter349,N05CC01
DDInter35,P02CA03
DDInter350,L01AA02
DDInter351,D06AX02
DDInter351,S02AA01
DDInter351,D10AF03
DDInter351,S01AA01
DDInter351,G01AA05
DDInter351,J01BA01
DDInter351,S03AA08
DDInter352,D06AX02
DDInter352,S02AA01
DDInter352,D10AF03
DDInter352,S01AA01
DDInter352,G01AA05
DDInter352,J01BA01
DDInter352,S03AA08
DDInter353,D06AX02
DDInter353,S02AA01
DDInter353,D10AF03
DDInter353,S01AA01
DDInter353,G01AA05
DDInter353,J01BA01
DDInter353,S03AA08
DDInter354,R06AE04
DDInter355,N05BA02
DDInter356,R02AA05
DDInter356,S03AA04
DDInter356,D08AC52
DDInter356,D08AC02
DDInter356,S01AX09
DDInter356,D09AA12
DDInter356,B05CA02
DDInter356,A01AB03
DDInter356,S02AA09
DDInter357,M03BB02
DDInter357,M03BB72
DDInter357,M03BB52
DDInter358,N01BA04
DDInter359,P01BB52
DDInter359,P01BA01
DDInter36,A10BJ04
DDInter360,C03AB04
DDInter360,G01AE10
DDInter360,C03AA04
DDInter360,C03AH01
DDInter361,D01AE07
DDInter362,R06AB54
DDInter362,R06AB04
DDInter363,N05AA01
DDInter364,A10BB02
DDInter365,G01AE10
DDInter365,C03EA06
DDInter365,C03BB04
DDInter365,C03BA04
DDInter366,M03BB03
DDInter366,M03BB53
DDInter366,M03BB73
DDInter367,M05BB09
DDInter367,M05BX53
DDInter367,M05BB07
DDInter367,M05BB08
DDInter367,A11CC55
DDInter367,M05BB05
DDInter367,A11CC05
DDInter367,M05BB03
DDInter367,M05BB04
DDInter368,C10AC01
DDInter369,A05AA03
DDInter370,N02BA03
DDInter371,M01AX25
DDInter372,G03GA01
DDInter375,R03BA08
DDInter375,R01AD13
DDInter376,R03BA08
DDInter376,R01AD13
DDInter377,D01AE14
DDInter377,G01AX12
DDInter378,J05AB12
DDInter379,B01AC23
DDInter38,L03AC01
DDInter380,A02BA51
DDInter380,A02BA01
DDInter381,H05BX01
DDInter383,J01MB06
DDInter384,J01RA11
DDInter384,S03AA07
DDInter384,J01MA02
DDInter384,S02AA15
DDInter384,J01RA10
DDInter384,J01RA12
DDInter384,S01AE03
DDInter385,A03FA02
DDInter386,M03AC11
DDInter387,L01XA01
DDInter388,N06AB04
DDInter39,L01ED03
DDInter390,A09AB04
DDInter392,L04AA40
DDInter392,L01BB04
DDInter393,A02BD12
DDInter393,A02BD14
DDInter393,A02BD07
DDInter393,A02BD04
DDInter393,A02BD09
DDInter393,A02BD05
DDInter393,J01FA09
DDInter393,A02BD06
DDInter393,A02BD11
DDInter395,D04AA14
DDInter395,R06AA54
DDInter395,R06AA04
DDInter396,C08CA16
DDInter397,A03CA02
DDInter398,D10AF01
DDInter398,J01FF01
DDInter398,D10AF51
DDInter398,G01AA10
DDInter399,D10AF01
DDInter399,J01FF01
DDInter399,D10AF51
DDInter399,G01AA10
DDInter4,L02BX01
DDInter40,L04AA15
DDInter401,N05BA09
DDInter402,D07AD01
DDInter402,D07CD01
DDInter403,D07AD01
DDInter403,D07CD01
DDInter405,L01BB06
DDInter406,J04BA01
DDInter407,R05DB10
DDInter408,C10AB01
DDInter409,G03GB02
DDInter41,L04AA34
DDInter410,N06AA04
DDInter411,N03AE01
DDInter412,S01EA04
DDInter412,C02LC01
DDInter412,C02AC01
DDInter412,N02CX02
DDInter412,C02LC51
DDInter413,B01AC04
DDInter414,N05BA05
DDInter415,J07AM51
DDInter415,J07AM01
DDInter415,J07AM52
DDInter416,D01AC01
DDInter416,A01AB18
DDInter416,G01AF02
DDInter416,G01AF20
DDInter418,J01CR50
DDInter418,J01CF02
DDInter419,N05AH02
DDInter42,M05BB03
DDInter42,M05BA04
DDInter42,M05BB06
DDInter42,M05BB05
DDInter420,B02BD04
DDInter420,B02BD01
DDInter421,B02BD08
DDInter422,B02BD13
DDInter424,J05AR09
DDInter424,J05AR15
DDInter424,J05AR14
DDInter424,J05AR22
DDInter424,J05AR18
DDInter424,V03AX03
DDInter425,L01EE02
DDInter429,N02AA79
DDInter429,R05DA04
DDInter429,N02AA59
DDInter429,N02AJ08
DDInter429,N02AJ06
DDInter429,N02AJ07
DDInter43,N01AH02
DDInter430,R05CB05
DDInter430,V03AF01
DDInter431,M04AC01
DDInter433,C10AC02
DDInter435,D03BA02
DDInter435,M09AB02
DDInter435,D03BA52
DDInter436,D03BA02
DDInter436,M09AB02
DDInter436,D03BA52
DDInter437,B06AC04
DDInter438,C03XA02
DDInter439,G03CA57
DDInter439,G03CC07
DDInter44,G04CA01
DDInter44,G04CA51
DDInter440,G03CA57
DDInter440,G03CC07
DDInter441,L01EM02
DDInter445,H01AA01
DDInter448,L01ED01
DDInter449,R03AK05
DDInter449,R03AK04
DDInter449,R03BC01
DDInter449,R01AC51
DDInter449,S01GX51
DDInter449,R01AC01
DDInter449,S01GX01
DDInter449,D11AH03
DDInter449,A07EB01
DDInter45,R06AD01
DDInter451,B03BA01
DDInter451,B03AE01
DDInter451,B03BA51
DDInter452,C04AX01
DDInter453,R06AE03
DDInter453,R06AE53
DDInter454,M03BX08
DDInter456,L01AA01
DDInter457,J04AB01
DDInter458,L04AD01
DDInter458,S01XA18
DDInter459,R06AX02
DDInter46,C09XA54
DDInter46,C09XA53
DDInter46,C09DX02
DDInter46,C09XA02
DDInter46,C09XA52
DDInter460,L01BC01
DDInter460,L01XY01
DDInter461,L01BC01
DDInter461,L01XY01
DDInter462,L01EC02
DDInter463,L01AX04
DDInter464,J05AP58
DDInter464,J05AP07
DDInter465,L01EB07
DDInter466,L01DA01
DDInter467,J01XA04
DDInter468,N07XX07
DDInter470,B01AB04
DDInter471,B01AB09
DDInter472,G03XA01
DDInter473,M03CA01
DDInter474,A10BK01
DDInter474,A10BD15
DDInter474,A10BD21
DDInter474,A10BD25
DDInter475,D10AX05
DDInter475,J04BA02
DDInter476,D10AX05
DDInter476,J04BA02
DDInter477,J01XX09
DDInter478,L01FC01
DDInter479,B03XA02
DDInter48,M04AA01
DDInter48,M04AA51
DDInter480,G04BD10
DDInter481,L02BB06
DDInter482,J05AR14
DDInter482,G01AE10
DDInter482,J05AR22
DDInter482,J05AR26
DDInter482,J05AE10
DDInter483,J05AP09
DDInter483,J05AP52
DDInter484,L01EA02
DDInter485,L01DB02
DDInter485,L01XY01
DDInter486,L01DB02
DDInter486,L01XY01
DDInter487,L01BC08
DDInter488,V03AC03
DDInter489,V03AC02
DDInter49,N02CC05
DDInter490,V03AC01
DDInter491,B01AX01
DDInter492,H02AB13
DDInter493,L02BX02
DDInter495,J01MA23
DDInter496,J05AG02
DDInter498,J01AA01
DDInter498,D06AA01
DDInter498,J01AA20
DDInter499,L01XX29
DDInter5,L04AA24
DDInter500,M05BX04
DDInter501,D11AX24
DDInter502,C02LA03
DDInter502,C02AA05
DDInter503,N01AB07
DDInter504,N06AA01
DDInter505,B01AE01
DDInter506,R06AX27
DDInter507,H01BA02
DDInter508,G03AC09
DDInter508,G03FB10
DDInter508,G03AB05
DDInter508,G03AA09
DDInter51,A10BD13
DDInter51,A10BD09
DDInter51,A10BH04
DDInter511,N06AX23
DDInter512,N07XX16
DDInter513,R01AD53
DDInter513,D07XB05
DDInter513,R01AD03
DDInter513,D10AA03
DDInter513,S01CB01
DDInter513,S02CA06
DDInter513,S03CA01
DDInter513,C05AA09
DDInter513,S01CA01
DDInter513,D07CB04
DDInter513,H02AB02
DDInter513,S01BA01
DDInter513,A01AC02
DDInter513,S03BA01
DDInter513,D07AB19
DDInter513,S02BA06
DDInter514,R01AD53
DDInter514,D07XB05
DDInter514,R01AD03
DDInter514,D10AA03
DDInter514,S01CB01
DDInter514,S02CA06
DDInter514,S03CA01
DDInter514,C05AA09
DDInter514,S01CA01
DDInter514,D07CB04
DDInter514,H02AB02
DDInter514,S01BA01
DDInter514,A01AC02
DDInter514,S03BA01
DDInter514,D07AB19
DDInter514,S02BA06
DDInter515,R01AD53
DDInter515,D07XB05
DDInter515,R01AD03
DDInter515,D10AA03
DDInter515,S01CB01
DDInter515,S02CA06
DDInter515,S03CA01
DDInter515,C05AA09
DDInter515,S01CA01
DDInter515,D07CB04
DDInter515,H02AB02
DDInter515,S01BA01
DDInter515,A01AC02
DDInter515,S03BA01
DDInter515,D07AB19
DDInter515,S02BA06
DDInter516,R01AD53
DDInter516,D07XB05
DDInter516,R01AD03
DDInter516,D10AA03
DDInter516,S01CB01
DDInter516,S02CA06
DDInter516,S03CA01
DDInter516,C05AA09
DDInter516,S01CA01
DDInter516,D07CB04
DDInter516,H02AB02
DDInter516,S01BA01
DDInter516,A01AC02
DDInter516,S03BA01
DDInter516,D07AB19
DDInter516,S02BA06
DDInter517,R06AB06
DDInter517,R06AB56
DDInter518,A08AA04
DDInter519,A02BC06
DDInter52,A03AE01
DDInter520,N05CM18
DDInter521,N06BA11
DDInter522,V03AF02
DDInter528,N02AC04
DDInter528,N02AC54
DDInter528,N02AC74
DDInter53,L01EM03
DDInter530,C10AX01
DDInter531,N02AX03
DDInter532,N07BC06
DDInter533,V08AA01
DDInter534,N05BA01
DDInter535,G01AE10
DDInter535,C02DA01
DDInter535,V03AH01
DDInter536,N05CC04
DDInter537,S01CC01
DDInter537,S01BC03
DDInter537,M01AB55
DDInter537,M02AA15
DDInter537,M01AB05
DDInter537,D11AX18
DDInter538,S01CC01
DDInter538,S01BC03
DDInter538,M01AB55
DDInter538,M02AA15
DDInter538,M01AB05
DDInter538,D11AX18
DDInter539,S01CC01
DDInter539,S01BC03
DDInter539,M01AB55
DDInter539,M02AA15
DDInter539,M01AB05
DDInter539,D11AX18
DDInter54,N05BA12
DDInter540,G01AE10
DDInter540,S01EC02
DDInter541,J01CR50
DDInter541,J01CF01
DDInter542,B01AA01
DDInter543,A03AA07
DDInter544,J05AF02
DDInter546,G03AB08
DDInter546,G03DB08
DDInter546,G03FA15
DDInter546,G03AA16
DDInter547,A08AA03
DDInter548,L02AA04
DDInter548,L02AA01
DDInter548,G03CC05
DDInter548,G03CB02
DDInter549,A07DA04
DDInter55,C01EA01
DDInter55,G04BE01
DDInter551,N02BA11
DDInter553,C01AA04
DDInter554,C01AA05
DDInter555,V03AB24
DDInter556,N02AA58
DDInter556,N02AA08
DDInter556,N02AJ02
DDInter556,N02AJ01
DDInter557,N02CA51
DDInter557,N02CA01
DDInter558,A11CC02
DDInter559,G01AC01
DDInter56,B01AD02
DDInter56,S01XA13
DDInter561,C08DB01
DDInter561,C05AE03
DDInter562,R06AA11
DDInter563,V03AB09
DDInter564,L04AX07
DDInter567,G02AD02
DDInter568,L01FX06
DDInter569,D04AA32
DDInter569,R06AA02
DDInter569,D04AA33
DDInter569,R06AA52
DDInter57,L01XX03
DDInter570,D04AA32
DDInter570,R06AA02
DDInter570,D04AA33
DDInter570,R06AA52
DDInter571,A07DA01
DDInter573,B01AC07
DDInter574,L04AX09
DDInter575,C01BA03
DDInter576,P03AA04
DDInter576,P03AA54
DDInter576,N07BB01
DDInter577,C01CA07
DDInter58,A02AB02
DDInter58,A02AB01
DDInter58,A02AD03
DDInter580,C01BD04
DDInter581,A04AA04
DDInter582,J05AR27
DDInter582,J05AJ03
DDInter582,J05AR13
DDInter582,J05AR25
DDInter582,J05AR21
DDInter583,N06DA52
DDInter583,N06DA53
DDInter583,N06DA02
DDInter584,C01CA04
DDInter585,J05AR24
DDInter585,J05AG06
DDInter586,J01DH04
DDInter587,R05CB13
DDInter59,A06AH02
DDInter590,M03AC07
DDInter591,R07AB01
DDInter592,C02CA04
DDInter593,N06AA12
DDInter593,D04AX01
DDInter594,N06AA12
DDInter594,D04AX01
DDInter595,H05BX03
DDInter596,L01DB01
DDInter597,L01DB01
DDInter598,J01AA02
DDInter598,A01AB22
DDInter598,J01AA20
DDInter599,J01AA02
DDInter599,A01AB22
DDInter599,J01AA20
DDInter6,B01AC13
DDInter60,N04BB01
DDInter600,R06AA09
DDInter600,R06AA59
DDInter601,A04AD10
DDInter602,C01BD07
DDInter603,N05AD08
DDInter604,G03AA18
DDInter604,G03AC10
DDInter604,G03FA17
DDInter604,G03AA12
DDInter605,B01AD10
DDInter606,C01CA27
DDInter607,A10BJ05
DDInter608,N06AX21
DDInter609,D11AH05
DDInter61,N07AA30
DDInter610,L01FF03
DDInter611,G04CB02
DDInter611,G04CA52
DDInter612,L01EM04
DDInter613,R03DA20
DDInter613,R03DB01
DDInter613,R03DA51
DDInter613,R03DA01
DDInter616,G01AF05
DDInter616,D01AC03
DDInter616,G01AF20
DDInter616,G01AF55
DDInter617,G01AF05
DDInter617,D01AC03
DDInter617,G01AF20
DDInter617,G01AF55
DDInter618,L04AA25
DDInter62,C02KX02
DDInter62,C02KX52
DDInter621,B01AF03
DDInter622,V04CX07
DDInter623,L04AA21
DDInter624,J05AR06
DDInter624,J05AG03
DDInter624,J05AR11
DDInter625,H01CC03
DDInter626,J05AP54
DDInter626,J05AP10
DDInter627,N02CC06
DDInter628,R07AX32
DDInter629,A16AX10
DDInter63,D07AC11
DDInter630,L01FX08
DDInter631,B02BX05
DDInter632,A07DA06
DDInter633,J05AJ02
DDInter633,J05AR09
DDInter633,J05AR18
DDInter634,L04AA39
DDInter635,B02BX06
DDInter636,A10BD19
DDInter636,A10BD20
DDInter636,A10BK03
DDInter636,A10BD27
DDInter637,J05AR19
DDInter637,J05AR08
DDInter637,J05AR17
DDInter637,J05AF09
DDInter637,J05AR09
DDInter637,J05AR20
DDInter637,J05AR06
DDInter637,J05AR03
DDInter637,J05AR22
DDInter637,J05AR18
DDInter638,C09BA02
DDInter638,C09BB06
DDInter638,C09BB02
DDInter638,C09AA02
DDInter639,L01XX59
DDInter64,N07XX05
DDInter640,L01EC03
DDInter641,N01AB04
DDInter642,L01FX13
DDInter643,J05AX07
DDInter644,J01MA04
DDInter645,B01AB05
DDInter646,N04BX02
DDInter647,J05AF10
DDInter648,L01EX14
DDInter649,L02BB04
DDInter65,V03AF05
DDInter650,S01FB02
DDInter650,R01AB05
DDInter650,C01CA26
DDInter650,R03CA02
DDInter650,A08AA56
DDInter650,R01AA03
DDInter651,S01FB02
DDInter651,R01AB05
DDInter651,C01CA26
DDInter651,R03CA02
DDInter651,A08AA56
DDInter651,R01AA03
DDInter652,A01AD01
DDInter652,R03AK01
DDInter652,B02BC09
DDInter652,C01CA24
DDInter652,S01EA01
DDInter652,R01AA14
DDInter652,R03AA01
DDInter652,S01EA51
DDInter653,A01AD01
DDInter653,R03AK01
DDInter653,B02BC09
DDInter653,C01CA24
DDInter653,S01EA01
DDInter653,R01AA14
DDInter653,R03AA01
DDInter653,S01EA51
DDInter654,A01AD01
DDInter654,R03AK01
DDInter654,B02BC09
DDInter654,C01CA24
DDInter654,S01EA01
DDInter654,R01AA14
DDInter654,R03AA01
DDInter654,S01EA51
DDInter655,L01DB03
DDInter656,C03DA04
DDInter657,B01AC09
DDInter658,C09DA02
DDInter658,C09CA02
DDInter659,B01AC16
DDInter66,S01AA21
DDInter66,D06AX12
DDInter66,J01GB06
DDInter66,J01RA06
DDInter660,J01AA13
DDInter660,J01AA20
DDInter661,L01EN01
DDInter662,A11CC01
DDInter664,G02AB03
DDInter665,N02CA02
DDInter665,N02CA52
DDInter665,N02CA72
DDInter666,L01XX41
DDInter667,L01EB02
DDInter668,J01DH03
DDInter669,A10BD23
DDInter669,A10BK04
DDInter669,A10BD24
DDInter67,S01AA21
DDInter67,D06AX12
DDInter67,J01GB06
DDInter67,J01RA06
DDInter670,J01FA01
DDInter670,D10AF02
DDInter670,S01AA17
DDInter670,D10AF52
DDInter671,B03XA01
DDInter672,N06AB10
DDInter673,N06AX27
DDInter673,N01AX14
DDInter674,N03AF04
DDInter675,C07AB09
DDInter676,A02BD06
DDInter676,A02BC05
DDInter676,M01AE52
DDInter677,N05CD04
DDInter679,G03FA16
DDInter679,G03FA06
DDInter679,G03FA09
DDInter679,G03FA14
DDInter679,G03CA53
DDInter679,G03FA12
DDInter679,G03FB12
DDInter679,G03FB03
DDInter679,G03FA15
DDInter679,G03FB02
DDInter679,G03FB10
DDInter679,G03FA10
DDInter679,G03EA01
DDInter679,G03FA04
DDInter679,G03FB11
DDInter679,G03FA01
DDInter679,G03FB09
DDInter679,G03FB08
DDInter679,G03EA03
DDInter679,G03AA14
DDInter679,G03AB08
DDInter679,G03FB01
DDInter679,G03FA03
DDInter679,H01CC54
DDInter679,G03FA08
DDInter679,G03FB06
DDInter679,G03EA02
DDInter679,G03AA17
DDInter679,G03FA11
DDInter679,G03FB07
DDInter679,G03FA17
DDInter679,G03FA07
DDInter679,G03FA02
DDInter679,G03HB01
DDInter679,G03FB04
DDInter679,G03FA13
DDInter679,G02BB01
DDInter679,G03CA03
DDInter679,G03FA05
DDInter679,G03FB05
DDInter68,C03DB01
DDInter680,G03FA16
DDInter680,G03FA06
DDInter680,G03FA09
DDInter680,G03FA14
DDInter680,G03CA53
DDInter680,G03FA12
DDInter680,G03FB12
DDInter680,G03FB03
DDInter680,G03FA15
DDInter680,G03FB02
DDInter680,G03FB10
DDInter680,G03FA10
DDInter680,G03EA01
DDInter680,G03FA04
DDInter680,G03FB11
DDInter680,G03FA01
DDInter680,G03FB09
DDInter680,G03FB08
DDInter680,G03EA03
DDInter680,G03AA14
DDInter680,G03AB08
DDInter680,G03FB01
DDInter680,G03FA03
DDInter680,H01CC54
DDInter680,G03FA08
DDInter680,G03FB06
DDInter680,G03EA02
DDInter680,G03AA17
DDInter680,G03FA11
DDInter680,G03FB07
DDInter680,G03FA17
DDInter680,G03FA07
DDInter680,G03FA02
DDInter680,G03HB01
DDInter680,G03FB04
DDInter680,G03FA13
DDInter680,G02BB01
DDInter680,G03CA03
DDInter680,G03FA05
DDInter680,G03FB05
DDInter681,L01XX11
DDInter682,G03CC04
DDInter682,G03CA07
DDInter685,N05CF04
DDInter686,C03CC01
DDInter687,L04AB01
DDInter688,H05BX04
DDInter689,J04AK02
DDInter689,J04AM03
DDInter689,J04AM06
DDInter689,J04AM07
DDInter69,D02BA01
DDInter69,D11AX23
DDInter690,V03AB16
DDInter690,V03AZ01
DDInter690,D08AX08
DDInter691,N05CM08
DDInter692,G03AA15
DDInter692,G03AA11
DDInter692,L02AA03
DDInter692,G03AA12
DDInter692,G03AA16
DDInter692,G03AB02
DDInter692,G03CA01
DDInter692,G03AA03
DDInter692,G03AA10
DDInter692,G03AB04
DDInter692,G03AB01
DDInter692,G03AB07
DDInter692,G03AA13
DDInter692,G03AA06
DDInter692,G03AA08
DDInter692,G03AA02
DDInter692,G03AA04
DDInter692,G03AA09
DDInter692,G03AB09
DDInter692,G03AA07
DDInter692,G03AB03
DDInter692,G03AA05
DDInter692,G03AB05
DDInter692,G03AB06
DDInter692,G03AA01
DDInter693,V08AD01
DDInter694,J04AD03
DDInter695,N03AD01
DDInter695,N03AD51
DDInter696,N03AB01
DDInter697,N01BB07
DDInter697,N01BB57
DDInter698,M05BB01
DDInter698,M05BA01
DDInter699,M01AB08
DDInter7,L01EF03
DDInter70,B02AA01
DDInter700,N01AX07
DDInter701,G03AC08
DDInter702,L01CB01
DDInter703,J05AG04
DDInter704,L01EG02
DDInter704,L04AA18
DDInter705,L02BG06
DDInter706,A10BJ01
DDInter707,C10BA02
DDInter707,C10BA11
DDInter707,C10BA10
DDInter707,C10BA05
DDInter707,C10BA12
DDInter707,C10AX09
DDInter707,C10BA06
DDInter708,N03AX21
DDInter71,L02BG01
DDInter711,J05AB09
DDInter711,S01AD07
DDInter712,A02BA03
DDInter712,A02BA53
DDInter713,M04AA03
DDInter714,L01EJ02
DDInter715,N03AX10
DDInter716,C07FB02
DDInter716,C08CA02
DDInter716,C09BB05
DDInter717,A08AA02
DDInter717,N03AX26
DDInter718,C10BA03
DDInter718,C10BA12
DDInter718,C10AB05
DDInter718,C10BA09
DDInter718,C10BA04
DDInter719,C10AB11
DDInter72,L01XD04
DDInter720,C01CA19
DDInter721,M01AE04
DDInter722,N01AH01
DDInter722,N02AB03
DDInter722,N01AH51
DDInter725,B03AA02
DDInter725,B03AD02
DDInter726,B03AD05
DDInter726,B03AA03
DDInter729,V08CB01
DDInter73,L01XD04
DDInter731,G04BD11
DDInter732,R06AX26
DDInter733,B02BB01
DDInter734,A07AA12
DDInter735,L03AA02
DDInter736,D11AX10
DDInter736,G04CA51
DDInter736,G04CB01
DDInter737,L04AA27
DDInter738,G04BD02
DDInter74,R03DA55
DDInter74,R03DA05
DDInter74,R03DA20
DDInter74,R03DB05
DDInter740,C01BC04
DDInter741,G02CX02
DDInter742,L01BC09
DDInter743,J01RA07
DDInter743,J02AC01
DDInter743,D01AC15
DDInter744,J02AX01
DDInter744,D01AE21
DDInter745,L01BB05
DDInter746,V09IX04
DDInter747,S02CA07
DDInter747,S01CA06
DDInter747,H02AA02
DDInter747,S03CA05
DDInter748,V03AB25
DDInter749,R01AD04
DDInter749,R03BA03
DDInter75,J04AA02
DDInter75,J04AA03
DDInter75,J04AA01
DDInter750,R01AD04
DDInter750,R03BA03
DDInter751,S01CA10
DDInter751,D07BC02
DDInter751,S02BA08
DDInter751,C05AA10
DDInter751,S01BA15
DDInter751,D07AC04
DDInter751,S02CA05
DDInter751,D07CC02
DDInter752,C05AA11
DDInter752,D07AC08
DDInter752,D07CC05
DDInter753,C05AA11
DDInter753,D07AC08
DDInter753,D07CC05
DDInter755,D07XB04
DDInter755,D07AB06
DDInter755,S01BA07
DDInter755,S01BB03
DDInter755,C05AA06
DDInter755,D07CB03
DDInter755,S01CB05
DDInter755,S01CA07
DDInter755,D10AA01
DDInter756,D07XB04
DDInter756,D07AB06
DDInter756,S01BA07
DDInter756,S01BB03
DDInter756,C05AA06
DDInter756,D07CB03
DDInter756,S01CB05
DDInter756,S01CA07
DDInter756,D10AA01
DDInter757,L01BC52
DDInter757,L01BC02
DDInter758,N06CA03
DDInter758,N06AB03
DDInter759,G03BA01
DDInter76,C01BD01
DDInter760,N05AB02
DDInter762,N05CD01
DDInter763,M02AA19
DDInter763,M01AE09
DDInter763,R02AX01
DDInter763,S01BC04
DDInter764,M02AA19
DDInter764,M01AE09
DDInter764,R02AX01
DDInter764,S01BC04
DDInter765,L02BB01
DDInter766,R03BA05
DDInter766,D07AC17
DDInter766,R03AK11
DDInter766,R03AK06
DDInter766,R01AD08
DDInter766,R01AD58
DDInter767,R03BA05
DDInter767,D07AC17
DDInter767,R03AK11
DDInter767,R03AK06
DDInter767,R01AD08
DDInter767,R01AD58
DDInter768,R03BA05
DDInter768,D07AC17
DDInter768,R03AK11
DDInter768,R03AK06
DDInter768,R01AD08
DDInter768,R01AD58
DDInter769,C10AA04
DDInter77,N05AL05
DDInter770,N06AB08
DDInter771,B03AE02
DDInter771,V04CX02
DDInter771,B03BB01
DDInter771,B03AE01
DDInter771,B03BB51
DDInter772,G03GA06
DDInter772,G03GA10
DDInter772,G03GA05
DDInter773,V03AB34
DDInter775,B01AX05
DDInter776,R03AL09
DDInter776,R03AL05
DDInter776,R03AK09
DDInter776,R03AL10
DDInter776,R03CC15
DDInter776,R03AL11
DDInter776,R03AL07
DDInter776,R03AK08
DDInter776,R03AC13
DDInter776,R03AK07
DDInter776,R03AK11
DDInter777,J05AE07
DDInter779,J05AD01
DDInter78,N06AA09
DDInter78,N06CA01
DDInter780,J01XX01
DDInter781,C09BA09
DDInter781,C09AA09
DDInter783,N03AB05
DDInter785,B02BX09
DDInter786,J05AX29
DDInter788,N02CC07
DDInter789,L02BA03
DDInter79,C09XA54
DDInter79,C10BX07
DDInter79,C09BB03
DDInter79,C09BB04
DDInter79,C07FB07
DDInter79,C09DB06
DDInter79,C10BX18
DDInter79,C07FB12
DDInter79,C09DB05
DDInter79,C09XA53
DDInter79,C10BX03
DDInter79,C07FB13
DDInter79,C08CA01
DDInter79,C09BX04
DDInter79,C09BX03
DDInter79,C09DB04
DDInter79,C09DX03
DDInter79,C08GA02
DDInter79,C09DB07
DDInter79,C09DX06
DDInter79,C09BX01
DDInter79,C10BX11
DDInter79,C09DB02
DDInter79,C10BX09
DDInter79,C08CA51
DDInter79,C09DX01
DDInter79,C09DB09
DDInter79,C09DB01
DDInter79,C10BX14
DDInter79,C09BB07
DDInter79,C09DX07
DDInter790,C03EB01
DDInter790,C03CA01
DDInter790,G01AE10
DDInter790,C03CB01
DDInter791,N03AX12
DDInter792,V08CA08
DDInter793,V08CA09
DDInter794,V08CA03
DDInter795,V08CA11
DDInter796,V08CA01
DDInter797,V08CA02
DDInter798,V08CA04
DDInter799,V08CA06
DDInter8,L02BX03
DDInter80,G04BA01
DDInter80,B05XA04
DDInter800,V08CA10
DDInter801,V08DA02
DDInter801,V04CE01
DDInter802,N06DA04
DDInter806,J05AB06
DDInter806,S01AD09
DDInter807,H01CC01
DDInter809,S01AE06
DDInter809,J01MA16
DDInter81,N05CA02
DDInter81,N05CB01
DDInter810,L01EB01
DDInter811,L01BC05
DDInter812,C10AB04
DDInter813,J01MA15
DDInter814,L01FX02
DDInter815,S01AA11
DDInter815,S02AA14
DDInter815,D06AX07
DDInter815,S03AA06
DDInter815,J01GB03
DDInter816,S01AA11
DDInter816,S02AA14
DDInter816,D06AX07
DDInter816,S03AA06
DDInter816,J01GB03
DDInter817,L01EX13
DDInter819,N06DX02
DDInter819,N06DA53
DDInter82,N06AA17
DDInter821,A16AX16
DDInter822,L01XJ03
DDInter823,L03AX13
DDInter824,J05AP57
DDInter825,A10BD04
DDInter825,A10BB12
DDInter825,A10BD06
DDInter826,A10BB07
DDInter827,H04AA01
DDInter828,V03AF09
DDInter829,M01AX05
DDInter83,A02BD12
DDInter83,J01CR50
DDInter83,A02BD14
DDInter83,A02BD04
DDInter83,A02BD07
DDInter83,A02BD13
DDInter83,A02BD10
DDInter83,A02BD05
DDInter83,A02BD03
DDInter83,A02BD01
DDInter83,A02BD15
DDInter83,A02BD06
DDInter83,J01CA04
DDInter83,A02BD16
DDInter83,A02BD11
DDInter830,A09AB01
DDInter831,A10BB01
DDInter832,A06AX01
DDInter832,A06AG04
DDInter833,A16AX09
DDInter834,R03AL09
DDInter834,R03AL04
DDInter834,R03BB06
DDInter834,D11AA01
DDInter834,A03AB02
DDInter834,R03AL11
DDInter834,R03AL07
DDInter834,A03CA05
DDInter834,R03AL12
DDInter837,L04AB06
DDInter838,V04CM01
DDInter838,H01CA01
DDInter839,L02AE03
DDInter84,N06BA01
DDInter840,A04AA02
DDInter841,J05AP11
DDInter841,J05AP54
DDInter842,J01MA11
DDInter843,D01BA01
DDInter843,D01AA08
DDInter846,S01EX01
DDInter846,C02CC02
DDInter846,C02LF01
DDInter847,C02AC02
DDInter849,L04AC16
DDInter85,G01AA03
DDInter85,A07AA07
DDInter85,A01AB04
DDInter85,J02AA01
DDInter850,N05BA13
DDInter852,P01BX01
DDInter853,N05AD01
DDInter854,N01AB01
DDInter855,B06AB01
DDInter856,B01AB51
DDInter856,C05BA03
DDInter856,S01XA14
DDInter856,C05BA53
DDInter856,B01AB01
DDInter857,B01AB51
DDInter857,C05BA03
DDInter857,S01XA14
DDInter857,C05BA53
DDInter857,B01AB01
DDInter86,G01AA03
DDInter86,A07AA07
DDInter86,A01AB04
DDInter86,J02AA01
DDInter860,J07CA08
DDInter862,V04CX06
DDInter863,L03AX14
DDInter863,V04CG03
DDInter864,L02AE05
DDInter865,S01FA05
DDInter866,S01FA05
DDInter869,B06AC01
DDInter87,G01AA03
DDInter87,A07AA07
DDInter87,A01AB04
DDInter87,J02AA01
DDInter870,J06BB09
DDInter877,J06BB01
DDInter88,G01AA03
DDInter88,A07AA07
DDInter88,A01AB04
DDInter88,J02AA01
DDInter880,S01KA51
DDInter880,S01KA01
DDInter880,D03AX05
DDInter880,M09AX01
DDInter880,R01AX09
DDInter881,B06AA03
DDInter882,C02DB02
DDInter882,C02LG02
DDInter883,C09BX03
DDInter883,C03AX01
DDInter883,C03AB03
DDInter883,C09DX03
DDInter883,C03EA01
DDInter883,C09DX06
DDInter883,C09XA52
DDInter883,G01AE10
DDInter883,C09DX01
DDInter883,C03AA03
DDInter883,C09XA54
DDInter883,C09DX07
DDInter884,R05DA03
DDInter885,S01CB03
DDInter885,A01AC03
DDInter885,S01BA02
DDInter885,S01CA03
DDInter885,D07AA02
DDInter885,S01BB01
DDInter885,D07XA01
DDInter885,D07BA04
DDInter885,S02CA03
DDInter885,A07EA02
DDInter885,S02BA01
DDInter885,R01AD60
DDInter885,H02AB09
DDInter885,D07CA01
DDInter885,S03CA04
DDInter885,C05AA01
DDInter886,S01CB03
DDInter886,A01AC03
DDInter886,S01BA02
DDInter886,S01CA03
DDInter886,D07AA02
DDInter886,S01BB01
DDInter886,D07XA01
DDInter886,D07BA04
DDInter886,S02CA03
DDInter886,A07EA02
DDInter886,S02BA01
DDInter886,R01AD60
DDInter886,H02AB09
DDInter886,D07CA01
DDInter886,S03CA04
DDInter886,C05AA01
DDInter887,S01CB03
DDInter887,A01AC03
DDInter887,S01BA02
DDInter887,S01CA03
DDInter887,D07AA02
DDInter887,S01BB01
DDInter887,D07XA01
DDInter887,D07BA04
DDInter887,S02CA03
DDInter887,A07EA02
DDInter887,S02BA01
DDInter887,R01AD60
DDInter887,H02AB09
DDInter887,D07CA01
DDInter887,S03CA04
DDInter887,C05AA01
DDInter888,D07AB02
DDInter888,D07BB04
DDInter889,C03AA02
DDInter889,G01AE10
DDInter889,C03AH02
DDInter889,C03AB02
DDInter89,J01CR50
DDInter89,J01CA51
DDInter89,J01CA01
DDInter89,S01AA19
DDInter890,N02AA53
DDInter890,N02AA03
DDInter890,N02AG04
DDInter891,B03BA53
DDInter891,V03AB33
DDInter891,B03BA03
DDInter893,P01BA02
DDInter894,L01XX05
DDInter895,N05BB01
DDInter895,N05BB51
DDInter896,A03BA03
DDInter896,A03CB31
DDInter897,M05BA06
DDInter897,M05BB09
DDInter898,V10XX02
DDInter899,L01EL01
DDInter9,L01EL02
DDInter90,J05AE05
DDInter900,G02CC01
DDInter900,C01EB16
DDInter900,M01AE01
DDInter900,M02AA13
DDInter900,R02AX02
DDInter900,N02AJ08
DDInter900,N02AJ19
DDInter900,M01AE51
DDInter901,C01BD05
DDInter902,B06AC02
DDInter904,L01DB06
DDInter905,L01EM01
DDInter906,L01AA06
DDInter907,N05AX14
DDInter908,B01AC11
DDInter909,L01EA01
DDInter91,C01CE01
DDInter910,A16AB02
DDInter911,J01DH51
DDInter911,J01DH56
DDInter912,N06AA02
DDInter913,D06BB10
DDInter914,D06BB10
DDInter915,R03AC18
DDInter915,R03AL04
DDInter915,R03AL12
DDInter915,R03AK14
DDInter916,C03BA11
DDInter916,C09BX01
DDInter916,G01AE10
DDInter916,C10BX13
DDInter917,J05AE02
DDInter919,V09AX01
DDInter92,V03AB22
DDInter920,V09IB01
DDInter921,S01CC02
DDInter921,M01AB51
DDInter921,S01BC01
DDInter921,M02AA23
DDInter921,M01AB01
DDInter921,C01EB03
DDInter922,L04AA47
DDInter923,L04AB02
DDInter926,N07XX15
DDInter927,L01FB01
DDInter93,L01XX35
DDInter930,A10AD06
DDInter930,A10AE56
DDInter930,A10AE06
DDInter931,A10AE05
DDInter932,A10AE54
DDInter932,A10AE04
DDInter933,A10AB06
DDInter934,A10AC01
DDInter934,A10AE01
DDInter934,A10AB01
DDInter934,A10AD01
DDInter934,A10AF01
DDInter935,A10AC01
DDInter935,A10AE01
DDInter935,A10AB01
DDInter935,A10AD01
DDInter935,A10AF01
DDInter936,A10AC01
DDInter936,A10AE01
DDInter936,A10AB01
DDInter936,A10AD01
DDInter936,A10AF01
DDInter937,A10AC01
DDInter937,A10AE01
DDInter937,A10AB01
DDInter937,A10AD01
DDInter937,A10AF01
DDInter938,A10AC01
DDInter938,A10AE01
DDInter938,A10AB01
DDInter938,A10AD01
DDInter938,A10AF01
DDInter939,A10AC01
DDInter939,A10AE01
DDInter939,A10AB01
DDInter939,A10AD01
DDInter939,A10AF01
DDInter94,L04AC03
DDInter940,A10AC04
DDInter940,A10AB04
DDInter940,A10AD04
DDInter943,L03AB05
DDInter944,L03AB06
DDInter946,L03AB09
DDInter947,L03AB07
DDInter948,L03AB08
DDInter95,L02BG03
DDInter950,V04CH01
DDInter953,V09FX02
DDInter954,V09FX03
DDInter954,V10XA01
DDInter955,D08AG03
DDInter956,D08AG03
DDInter957,V08AC04
DDInter958,V08AB09
DDInter959,V09AB03
DDInter960,V08AB02
DDInter961,V08AB04
DDInter962,V08AC06
DDInter963,V08AC08
DDInter963,V08AC10
DDInter964,V08AB05
DDInter965,V08AA04
DDInter966,V08AB07
DDInter967,V08AB12
DDInter968,R05CA04
DDInter968,V03AB01
DDInter969,L01FX04
DDInter97,J02AX06
DDInter970,R03BB01
DDInter970,R01AX03
DDInter970,R03AL01
DDInter970,R03AL02
DDInter971,R03BB01
DDInter971,R01AX03
DDInter971,R03AL01
DDInter971,R03AL02
DDInter972,C09CA04
DDInter972,C09DB05
DDInter972,C09DA04
DDInter972,C09DX07
DDInter973,L01CE02
DDInter974,L01CE02
DDInter975,B03AE02
DDInter975,A11AA01
DDInter975,B03AE01
DDInter975,B03AE04
DDInter975,B03AE03
DDInter977,B03AB09
DDInter978,B03AB02
DDInter978,V03AE05
DDInter979,L01FC02
DDInter981,N06AF01
DDInter983,N01AB06
DDInter985,A03AX10
DDInter986,J04AM04
DDInter986,J04AM01
DDInter986,J04AM03
DDInter986,J04AM02
DDInter986,J04AC01
DDInter986,J04AM06
DDInter986,J04AM05
DDInter986,J04AM07
DDInter986,J04AM08
DDInter986,J04AC51
DDInter987,C01CA02
DDInter987,R03AK02
DDInter987,R03AB02
DDInter987,R03CB01
DDInter987,R03CB51
DDInter989,C01DA08
DDInter989,C01DA58
DDInter989,C05AE02
DDInter99,B01AD03
DDInter990,C01DA14
DDInter991,D10AD04
DDInter991,D10AD54
DDInter991,D10BA01
DDInter992,C04AA01
DDInter993,C08CA03
DDInter994,N04CX01
DDInter995,J02AC02
DDInter996,C01EB17
DDInter996,C07FX05
DDInter996,C07FX06
DDInter997,R07AX32
DDInter997,R07AX31
DDInter997,R07AX02
DDInter997,R07AX30
DDInter998,P02CF01
DDInter998,D11AX22
DDInter999,P02CF01
DDInter999,D11AX22
DDInter619,V03AB03
DDInter928,A10AB05
DDInter3,P03AX07
DDInter835,D11AA01
DDInter1692,A06AG01
DDInter1692,V03AG05
DDInter1692,A06AD17
DDInter1692,B05XA09
DDInter1466,N07AX01
DDInter1466,S01EB01
DDInter1466,S01EB51
DDInter1519,N01BB54
DDInter1519,N01BB04
DDInter851,D07AD02
DDInter264,L01XX86
DDInter510,D07AC03
DDInter510,D07XC02
DDInter1457,S01FB01
DDInter1457,R01AB01
DDInter1457,C01CA06
DDInter1457,R01AA04
DDInter1457,C05AX06
DDInter1457,S01FB51
DDInter1457,S01GA05
DDInter1457,R01BA53
DDInter1457,S01GA55
DDInter1457,R01BA03
DDInter184,C05AD03
DDInter184,R01AD01
DDInter184,D04AB04
DDInter184,N01BA05
DDInter761,D07CC03
DDInter761,D07AC07
DDInter1671,D08AL01
DDInter47,L01XF02
DDInter47,D11AH04
DDInter929,A10AD06
DDInter929,A10AD05
DDInter929,A10AB05
DDInter1944,B02BD06
DDInter1944,B02BD10
DDInter232,L01XL06
DDInter951,V09IX01
DDInter1270,L01FX21
DDInter1265,S01GA01
DDInter1265,S01GA51
DDInter1634,D01AE12
DDInter1634,S01BC08
DDInter1080,L01XL08
DDInter1569,A01BA07
DDInter230,N06AX29
DDInter982,R03CC06
DDInter982,R03AC07
DDInter1369,S01GA04
DDInter1488,A06AD15
DDInter1488,A06AD65
DDInter1583,D10AX02
DDInter1583,S01AX06
DDInter942,L03AB04
DDInter941,A10AC04
DDInter941,A10AB04
DDInter941,A10AD04
DDInter1370,S01GA04
DDInter1370,D11AX27
DDInter1368,RO1AB07
DDInter1368,R01AA05
DDInter1584,D06AX13
DDInter1469,D11AH02
DDInter523,B05AA05
DDInter1788,S01GA02
DDInter1788,S01GA52
DDInter1787,R01AB03
DDInter1787,R01AA06
DDInter545,G03CB01
DDInter545,G03CC02
DDInter1455,S01FB01
DDInter1455,R01AB01
DDInter294,S01EB02
DDInter186,D10AE01
DDInter186,D10AE51
DDINter1633,N02BA04
DDInter1514,S01CA02
DDInter1514,S01CB02
DDInter1514,S01BB02
DDInter1514,S03BA02
DDInter1514,S03CA02
DDInter578,L01CD02
DDInter37,D07AB10
DDInter37,S01BA10